day,person_id,planned_hours,store_id,in_alternate_workplace,absence_type,was_absent,worked_hours
2023-11-01,665923,5.0,,False,,False,5.0
2023-11-01,665926,4.5,,False,,False,4.5
2023-11-01,665934,6.0,,False,,False,6.0
2023-11-01,665944,5.0,,False,,False,5.0
2023-11-01,665956,6.5,,False,,False,6.5
2023-11-01,665965,7.5,2.0,True,,False,7.5
2023-11-01,665978,5.0,,False,,False,5.0
2023-11-01,872680,5.0,,False,Enfermedad común,True,0.0
2023-11-01,1031417,6.5,,False,,False,6.5
2023-11-01,1201829,4.5,2.0,True,,False,4.5
2023-11-01,1211253,4.0,,False,,False,4.0
2023-11-01,1252106,4.0,,False,,False,4.0
2023-11-01,1422334,4.0,2.0,True,,False,4.0
2023-11-02,665917,7.5,1.0,True,,False,7.5
2023-11-02,665922,4.0,,False,,False,4.0
2023-11-02,665923,4.5,,False,,False,4.5
2023-11-02,665926,4.5,,False,,False,4.5
2023-11-02,665934,4.0,,False,,False,4.0
2023-11-02,665936,6.5,,False,,False,6.5
2023-11-02,665938,4.0,,False,Enfermedad común,True,0.0
2023-11-02,665941,4.0,,False,,False,4.0
2023-11-02,665944,4.0,,False,,False,4.0
2023-11-02,665948,7.5,,False,,False,7.5
2023-11-02,665952,4.5,,False,,False,4.5
2023-11-02,665954,5.5,,False,,False,5.5
2023-11-02,665956,7.0,,False,,False,7.0
2023-11-02,665959,6.5,,False,,False,6.5
2023-11-02,665978,6.0,,False,,False,6.0
2023-11-02,665979,6.5,,False,,False,6.5
2023-11-02,665983,5.5,,False,,False,5.5
2023-11-02,665986,6.5,,False,,False,6.5
2023-11-02,665989,5.5,,False,,False,5.5
2023-11-02,666001,4.0,,False,,False,4.0
2023-11-02,989388,4.5,,False,,False,4.5
2023-11-02,999012,6.5,,False,,False,6.5
2023-11-02,1031417,6.5,,False,,False,6.5
2023-11-02,1201829,7.5,2.0,True,,False,7.5
2023-11-02,1252106,6.5,,False,,False,6.5
2023-11-02,1285300,5.5,1.0,True,,False,5.5
2023-11-02,1305177,4.0,,False,,False,4.0
2023-11-02,1305178,5.0,,False,,False,5.0
2023-11-02,1305180,4.0,1.0,True,,False,4.0
2023-11-02,1397361,7.5,,False,,False,7.5
2023-11-03,665917,7.5,1.0,True,,False,7.5
2023-11-03,665922,4.5,,False,,False,4.5
2023-11-03,665923,4.5,,False,,False,4.5
2023-11-03,665926,4.0,,False,,False,4.0
2023-11-03,665935,8.0,,False,,False,8.0
2023-11-03,665936,5.5,,False,,False,5.5
2023-11-03,665938,5.0,,False,Enfermedad común,True,0.0
2023-11-03,665950,5.0,,False,,False,5.0
2023-11-03,665954,6.5,,False,,False,6.5
2023-11-03,665956,6.0,,False,,False,6.0
2023-11-03,665959,7.5,,False,,False,7.5
2023-11-03,665965,8.0,2.0,True,,False,8.0
2023-11-03,665971,5.0,,False,,False,5.0
2023-11-03,665979,6.5,,False,,False,6.5
2023-11-03,665983,5.0,,False,,False,5.0
2023-11-03,665986,6.5,,False,,False,6.5
2023-11-03,665987,6.5,,False,,False,6.5
2023-11-03,665989,5.5,,False,,False,5.5
2023-11-03,666001,4.0,,False,,False,4.0
2023-11-03,872680,4.5,,False,Enfermedad común,True,0.0
2023-11-03,876837,5.0,,False,,False,5.0
2023-11-03,989388,4.0,,False,,False,4.0
2023-11-03,999012,7.5,,False,,False,7.5
2023-11-03,1031417,7.0,,False,,False,7.0
2023-11-03,1201829,7.5,2.0,True,,False,7.5
2023-11-03,1211253,6.0,,False,,False,6.0
2023-11-03,1305177,4.0,,False,,False,4.0
2023-11-03,1305180,5.0,1.0,True,,False,5.0
2023-11-03,1422334,6.5,2.0,True,,False,6.5
2023-11-03,1661019,5.0,,False,,False,5.0
2023-11-03,1662112,5.0,1.0,True,,False,5.0
2023-11-04,665917,8.0,1.0,True,,False,8.0
2023-11-04,665923,4.0,,False,,False,4.0
2023-11-04,665926,4.0,,False,,False,4.0
2023-11-04,665934,5.5,,False,,False,5.5
2023-11-04,665935,7.5,,False,,False,7.5
2023-11-04,665936,8.0,,False,,False,8.0
2023-11-04,665938,6.0,,False,Enfermedad común,True,0.0
2023-11-04,665941,7.5,,False,,False,7.5
2023-11-04,665944,8.0,,False,,False,8.0
2023-11-04,665948,8.0,,False,,False,8.0
2023-11-04,665950,4.0,,False,,False,4.0
2023-11-04,665952,8.0,,False,,False,8.0
2023-11-04,665953,5.5,,False,,False,5.5
2023-11-04,665954,6.5,,False,,False,6.5
2023-11-04,665959,7.5,,False,,False,7.5
2023-11-04,665965,6.5,2.0,True,,False,6.5
2023-11-04,665971,5.0,,False,,False,5.0
2023-11-04,665978,7.5,,False,,False,7.5
2023-11-04,665979,6.5,,False,,False,6.5
2023-11-04,665989,6.0,,False,,False,6.0
2023-11-04,666001,5.0,,False,,False,5.0
2023-11-04,872680,5.0,,False,Enfermedad común,True,0.0
2023-11-04,876837,6.0,,False,,False,6.0
2023-11-04,989388,6.0,,False,,False,6.0
2023-11-04,1201829,7.5,2.0,True,,False,7.5
2023-11-04,1211253,8.0,,False,,False,8.0
2023-11-04,1252106,8.0,,False,,False,8.0
2023-11-04,1285300,5.0,1.0,True,,False,5.0
2023-11-04,1305178,6.0,,False,,False,6.0
2023-11-04,1305180,5.0,1.0,True,,False,5.0
2023-11-04,1422334,7.5,2.0,True,,False,7.5
2023-11-04,1661019,8.0,,False,,False,8.0
2023-11-04,1662112,8.0,1.0,True,,False,8.0
2023-11-06,665917,5.0,1.0,True,,False,5.0
2023-11-06,665922,4.5,,False,,False,4.5
2023-11-06,665926,4.5,,False,,False,4.5
2023-11-06,665928,4.0,,False,,False,4.0
2023-11-06,665934,4.0,,False,,False,4.0
2023-11-06,665935,7.5,,False,,False,7.5
2023-11-06,665936,6.5,,False,,False,6.5
2023-11-06,665938,4.0,,False,Enfermedad común,True,0.0
2023-11-06,665944,4.0,,False,,False,4.0
2023-11-06,665948,4.0,,False,,False,4.0
2023-11-06,665950,5.0,,False,,False,5.0
2023-11-06,665952,5.5,,False,,False,5.5
2023-11-06,665954,6.5,,False,,False,6.5
2023-11-06,665956,7.5,,False,,False,7.5
2023-11-06,665959,7.5,,False,,False,7.5
2023-11-06,665971,5.0,,False,,False,5.0
2023-11-06,665978,4.0,,False,,False,4.0
2023-11-06,665979,6.5,,False,,False,6.5
2023-11-06,665986,4.0,,False,,False,4.0
2023-11-06,665987,6.5,,False,,False,6.5
2023-11-06,665989,5.0,,False,,False,5.0
2023-11-06,666001,5.0,,False,,False,5.0
2023-11-06,872680,4.5,,False,Enfermedad común,True,0.0
2023-11-06,876837,4.0,,False,,False,4.0
2023-11-06,1201829,7.5,2.0,True,,False,7.5
2023-11-06,1211253,4.0,,False,,False,4.0
2023-11-06,1252106,4.0,,False,,False,4.0
2023-11-06,1285300,6.0,1.0,True,,False,6.0
2023-11-06,1305180,4.0,1.0,True,,False,4.0
2023-11-06,1397361,7.5,,False,,False,7.5
2023-11-06,1403169,8.0,,False,,False,8.0
2023-11-06,1529075,7.5,,False,,False,7.5
2023-11-07,665917,7.5,1.0,True,,False,7.5
2023-11-07,665922,4.0,,False,,False,4.0
2023-11-07,665923,4.5,,False,,False,4.5
2023-11-07,665934,4.0,,False,,False,4.0
2023-11-07,665935,8.0,,False,,False,8.0
2023-11-07,665936,6.5,,False,,False,6.5
2023-11-07,665938,4.5,,False,Enfermedad común,True,0.0
2023-11-07,665941,4.0,,False,,False,4.0
2023-11-07,665944,4.0,,False,,False,4.0
2023-11-07,665950,5.0,,False,,False,5.0
2023-11-07,665952,5.5,,False,,False,5.5
2023-11-07,665953,4.0,,False,,False,4.0
2023-11-07,665956,7.5,,False,,False,7.5
2023-11-07,665959,7.5,,False,,False,7.5
2023-11-07,665965,7.5,2.0,True,,False,7.5
2023-11-07,665979,6.5,,False,,False,6.5
2023-11-07,665983,5.5,,False,,False,5.5
2023-11-07,665986,4.0,,False,,False,4.0
2023-11-07,665987,8.0,,False,,False,8.0
2023-11-07,665989,4.0,,False,,False,4.0
2023-11-07,872680,5.0,,False,Enfermedad común,True,0.0
2023-11-07,876837,4.0,,False,,False,4.0
2023-11-07,999012,4.0,,False,,False,4.0
2023-11-07,1201829,7.5,2.0,True,,False,7.5
2023-11-07,1252106,4.0,,False,,False,4.0
2023-11-07,1285300,6.5,1.0,True,,False,6.5
2023-11-07,1305177,4.0,,False,,False,4.0
2023-11-07,1305178,5.5,,False,,False,5.5
2023-11-07,1403169,4.0,,False,,False,4.0
2023-11-07,1422334,4.0,2.0,True,,False,4.0
2023-11-07,1529075,7.5,,False,,False,7.5
2023-11-08,665922,5.0,,False,,False,5.0
2023-11-08,665923,4.0,,False,,False,4.0
2023-11-08,665926,4.5,,False,,False,4.5
2023-11-08,665928,4.0,,False,,False,4.0
2023-11-08,665934,4.0,,False,,False,4.0
2023-11-08,665935,5.5,,False,,False,5.5
2023-11-08,665936,7.5,,False,,False,7.5
2023-11-08,665938,4.0,,False,Enfermedad común,True,0.0
2023-11-08,665948,6.5,,False,,False,6.5
2023-11-08,665950,4.5,,False,,False,4.5
2023-11-08,665952,5.0,,False,,False,5.0
2023-11-08,665953,4.0,,False,,False,4.0
2023-11-08,665954,5.5,,False,,False,5.5
2023-11-08,665956,7.5,,False,,False,7.5
2023-11-08,665965,8.0,2.0,True,,False,8.0
2023-11-08,665971,5.0,,False,,False,5.0
2023-11-08,665978,4.0,,False,,False,4.0
2023-11-08,665979,6.5,,False,,False,6.5
2023-11-08,665983,4.0,,False,,False,4.0
2023-11-08,665986,4.0,,False,,False,4.0
2023-11-08,665987,5.0,,False,,False,5.0
2023-11-08,665989,4.0,,False,,False,4.0
2023-11-08,666001,5.5,,False,,False,5.5
2023-11-08,872680,5.0,,False,Enfermedad común,True,0.0
2023-11-08,876837,4.5,,False,,False,4.5
2023-11-08,989388,4.0,,False,,False,4.0
2023-11-08,999012,4.0,,False,,False,4.0
2023-11-08,1285300,4.0,1.0,True,,False,4.0
2023-11-08,1305177,7.5,,False,,False,7.5
2023-11-08,1305180,5.0,1.0,True,,False,5.0
2023-11-08,1422334,4.0,2.0,True,,False,4.0
2023-11-09,665917,6.5,1.0,True,,False,6.5
2023-11-09,665922,4.0,,False,,False,4.0
2023-11-09,665923,4.0,,False,,False,4.0
2023-11-09,665926,4.5,,False,,False,4.5
2023-11-09,665928,4.0,,False,,False,4.0
2023-11-09,665934,4.0,,False,,False,4.0
2023-11-09,665936,7.5,,False,,False,7.5
2023-11-09,665938,4.0,,False,Enfermedad común,True,0.0
2023-11-09,665941,6.5,,False,,False,6.5
2023-11-09,665944,4.0,,False,,False,4.0
2023-11-09,665948,4.0,,False,,False,4.0
2023-11-09,665950,5.0,,False,,False,5.0
2023-11-09,665952,4.0,,False,,False,4.0
2023-11-09,665954,5.5,,False,,False,5.5
2023-11-09,665959,6.5,,False,,False,6.5
2023-11-09,665965,7.5,2.0,True,,False,7.5
2023-11-09,665978,4.0,,False,,False,4.0
2023-11-09,665979,5.0,,False,,False,5.0
2023-11-09,665986,4.0,,False,,False,4.0
2023-11-09,665987,7.5,,False,,False,7.5
2023-11-09,665989,4.0,,False,,False,4.0
2023-11-09,666001,5.5,,False,,False,5.5
2023-11-09,876837,4.0,,False,,False,4.0
2023-11-09,989388,4.0,,False,,False,4.0
2023-11-09,999012,4.0,,False,,False,4.0
2023-11-09,1031417,4.0,,False,,False,4.0
2023-11-09,1201829,6.5,2.0,True,,False,6.5
2023-11-09,1211253,4.0,,False,,False,4.0
2023-11-09,1252106,4.0,,False,,False,4.0
2023-11-09,1305177,5.0,,False,,False,5.0
2023-11-09,1305178,4.5,,False,,False,4.5
2023-11-09,1403169,4.0,,False,,False,4.0
2023-11-09,1422334,4.0,2.0,True,,False,4.0
2023-11-09,1529075,7.5,,False,,False,7.5
2023-11-10,665917,6.5,1.0,True,,False,6.5
2023-11-10,665922,4.0,,False,,False,4.0
2023-11-10,665923,5.5,,False,,False,5.5
2023-11-10,665928,4.0,,False,,False,4.0
2023-11-10,665934,4.0,,False,,False,4.0
2023-11-10,665935,7.5,,False,,False,7.5
2023-11-10,665936,7.5,,False,,False,7.5
2023-11-10,665941,6.5,,False,,False,6.5
2023-11-10,665944,4.0,,False,,False,4.0
2023-11-10,665948,5.0,,False,,False,5.0
2023-11-10,665952,5.5,,False,,False,5.5
2023-11-10,665953,4.5,,False,,False,4.5
2023-11-10,665954,5.5,,False,,False,5.5
2023-11-10,665956,4.0,,False,,False,4.0
2023-11-10,665959,8.0,,False,,False,8.0
2023-11-10,665965,7.5,2.0,True,,False,7.5
2023-11-10,665971,4.0,,False,,False,4.0
2023-11-10,665978,4.0,,False,,False,4.0
2023-11-10,665983,4.0,,False,,False,4.0
2023-11-10,665986,5.0,,False,,False,5.0
2023-11-10,666001,4.0,,False,,False,4.0
2023-11-10,872680,4.5,,False,Enfermedad común,True,0.0
2023-11-10,876837,4.0,,False,,False,4.0
2023-11-10,1031417,4.0,,False,,False,4.0
2023-11-10,1201829,6.5,2.0,True,,False,6.5
2023-11-10,1211253,4.0,,False,,False,4.0
2023-11-10,1252106,4.0,,False,,False,4.0
2023-11-10,1285300,5.5,1.0,True,Mudanza,True,0.0
2023-11-10,1305177,6.5,,False,,False,6.5
2023-11-10,1305178,4.5,,False,,False,4.5
2023-11-10,1403169,4.5,,False,,False,4.5
2023-11-10,1422334,4.0,2.0,True,,False,4.0
2023-11-10,1529075,7.5,,False,,False,7.5
2023-11-10,1661019,5.0,,False,,False,5.0
2023-11-10,1662112,5.0,1.0,True,,False,5.0
2023-11-11,665917,6.0,1.0,True,,False,6.0
2023-11-11,665926,6.0,,False,,False,6.0
2023-11-11,665928,7.0,,False,,False,7.0
2023-11-11,665935,7.0,,False,,False,7.0
2023-11-11,665938,4.0,,False,Enfermedad común,True,0.0
2023-11-11,665941,8.0,,False,,False,8.0
2023-11-11,665944,4.0,,False,,False,4.0
2023-11-11,665950,5.0,,False,,False,5.0
2023-11-11,665953,8.0,,False,,False,8.0
2023-11-11,665954,8.0,,False,,False,8.0
2023-11-11,665956,7.5,,False,,False,7.5
2023-11-11,665959,7.5,,False,,False,7.5
2023-11-11,665965,7.5,2.0,True,,False,7.5
2023-11-11,665971,6.0,,False,,False,6.0
2023-11-11,665978,6.5,,False,,False,6.5
2023-11-11,665979,6.5,,False,,False,6.5
2023-11-11,665983,6.0,,False,,False,6.0
2023-11-11,665987,7.5,,False,,False,7.5
2023-11-11,665989,5.0,,False,,False,5.0
2023-11-11,666001,8.0,,False,,False,8.0
2023-11-11,872680,5.0,,False,Enfermedad común,True,0.0
2023-11-11,989388,6.0,,False,,False,6.0
2023-11-11,999012,8.0,,False,,False,8.0
2023-11-11,1031417,5.0,,False,,False,5.0
2023-11-11,1201829,6.5,2.0,True,,False,6.5
2023-11-11,1211253,4.0,,False,,False,4.0
2023-11-11,1252106,8.0,,False,,False,8.0
2023-11-11,1285300,8.0,1.0,True,,False,8.0
2023-11-11,1305178,6.5,,False,,False,6.5
2023-11-11,1305180,8.0,1.0,True,,False,8.0
2023-11-11,1422334,8.0,2.0,True,,False,8.0
2023-11-11,1529075,8.5,,False,,False,8.5
2023-11-11,1661019,8.0,,False,,False,8.0
2023-11-11,1662112,8.0,1.0,True,,False,8.0
2023-11-13,665922,4.0,,False,,False,4.0
2023-11-13,665926,4.5,,False,,False,4.5
2023-11-13,665928,4.5,,False,,False,4.5
2023-11-13,665935,6.0,,False,,False,6.0
2023-11-13,665936,6.5,,False,,False,6.5
2023-11-13,665950,5.0,,False,,False,5.0
2023-11-13,665952,6.5,,False,,False,6.5
2023-11-13,665953,4.0,,False,,False,4.0
2023-11-13,665954,5.5,,False,,False,5.5
2023-11-13,665956,7.0,,False,,False,7.0
2023-11-13,665959,8.0,,False,,False,8.0
2023-11-13,665965,8.0,2.0,True,,False,8.0
2023-11-13,665971,4.0,,False,,False,4.0
2023-11-13,665979,7.5,,False,,False,7.5
2023-11-13,665983,5.0,,False,,False,5.0
2023-11-13,665986,5.0,,False,,False,5.0
2023-11-13,665987,6.5,,False,,False,6.5
2023-11-13,665989,4.0,,False,,False,4.0
2023-11-13,666001,4.0,,False,,False,4.0
2023-11-13,872680,4.5,,False,Enfermedad común,True,0.0
2023-11-13,999012,6.5,,False,,False,6.5
2023-11-13,1201829,6.5,2.0,True,,False,6.5
2023-11-13,1211253,4.0,,False,,False,4.0
2023-11-13,1252106,4.0,,False,,False,4.0
2023-11-13,1305177,4.0,,False,,False,4.0
2023-11-13,1305178,5.5,,False,,False,5.5
2023-11-13,1305180,6.5,1.0,True,,False,6.5
2023-11-13,1403169,8.0,,False,,False,8.0
2023-11-13,1422334,4.0,2.0,True,,False,4.0
2023-11-14,665923,5.0,,False,,False,5.0
2023-11-14,665928,4.5,,False,,False,4.5
2023-11-14,665934,4.0,,False,,False,4.0
2023-11-14,665935,6.5,,False,,False,6.5
2023-11-14,665936,6.5,,False,,False,6.5
2023-11-14,665938,4.0,,False,Enfermedad común,True,0.0
2023-11-14,665941,4.5,,False,,False,4.5
2023-11-14,665944,4.0,,False,,False,4.0
2023-11-14,665948,6.5,,False,,False,6.5
2023-11-14,665950,5.0,,False,,False,5.0
2023-11-14,665952,5.0,,False,,False,5.0
2023-11-14,665953,7.5,,False,,False,7.5
2023-11-14,665959,8.0,,False,,False,8.0
2023-11-14,665965,8.0,2.0,True,,False,8.0
2023-11-14,665979,7.5,,False,,False,7.5
2023-11-14,665983,4.0,,False,,False,4.0
2023-11-14,665986,6.5,,False,,False,6.5
2023-11-14,665989,4.5,,False,,False,4.5
2023-11-14,666001,5.5,,False,,False,5.5
2023-11-14,872680,5.0,,False,Enfermedad común,True,0.0
2023-11-14,989388,6.0,,False,,False,6.0
2023-11-14,1031417,5.5,,False,,False,5.5
2023-11-14,1201829,6.5,2.0,True,,False,6.5
2023-11-14,1305177,6.0,,False,,False,6.0
2023-11-14,1305178,4.5,,False,,False,4.5
2023-11-14,1403169,4.0,,False,,False,4.0
2023-11-14,1422334,4.0,2.0,True,,False,4.0
2023-11-15,665922,4.0,,False,,False,4.0
2023-11-15,665923,4.0,,False,,False,4.0
2023-11-15,665926,4.5,,False,,False,4.5
2023-11-15,665934,4.0,,False,,False,4.0
2023-11-15,665935,5.0,,False,,False,5.0
2023-11-15,665936,6.0,,False,,False,6.0
2023-11-15,665938,5.0,,False,Enfermedad común,True,0.0
2023-11-15,665941,6.5,,False,,False,6.5
2023-11-15,665944,4.0,,False,,False,4.0
2023-11-15,665948,7.5,,False,,False,7.5
2023-11-15,665950,4.0,,False,,False,4.0
2023-11-15,665952,4.5,,False,,False,4.5
2023-11-15,665953,7.5,,False,,False,7.5
2023-11-15,665954,5.5,,False,,False,5.5
2023-11-15,665956,7.0,,False,,False,7.0
2023-11-15,665959,9.5,,False,,False,9.5
2023-11-15,665971,5.0,,False,,False,5.0
2023-11-15,665979,7.5,,False,,False,7.5
2023-11-15,665983,4.0,,False,,False,4.0
2023-11-15,665986,4.5,,False,,False,4.5
2023-11-15,665987,6.0,,False,,False,6.0
2023-11-15,665989,4.0,,False,,False,4.0
2023-11-15,666001,4.0,,False,,False,4.0
2023-11-15,872680,5.0,,False,Enfermedad común,True,0.0
2023-11-15,999012,4.0,,False,,False,4.0
2023-11-15,1031417,4.0,,False,,False,4.0
2023-11-15,1201829,6.5,2.0,True,,False,6.5
2023-11-15,1211253,4.0,,False,,False,4.0
2023-11-15,1252106,4.0,,False,,False,4.0
2023-11-15,1305177,4.5,,False,,False,4.5
2023-11-15,1305178,4.0,,False,,False,4.0
2023-11-15,1305180,4.0,1.0,True,,False,4.0
2023-11-16,665922,5.0,,False,,False,5.0
2023-11-16,665923,4.0,,False,,False,4.0
2023-11-16,665926,4.5,,False,,False,4.5
2023-11-16,665928,4.5,,False,,False,4.5
2023-11-16,665934,4.0,,False,,False,4.0
2023-11-16,665936,5.0,,False,,False,5.0
2023-11-16,665938,4.0,,False,Enfermedad común,True,0.0
2023-11-16,665941,6.5,,False,,False,6.5
2023-11-16,665944,4.0,,False,,False,4.0
2023-11-16,665948,7.5,,False,,False,7.5
2023-11-16,665952,4.5,,False,,False,4.5
2023-11-16,665954,5.5,,False,,False,5.5
2023-11-16,665956,7.5,,False,,False,7.5
2023-11-16,665959,6.5,,False,,False,6.5
2023-11-16,665965,6.5,2.0,True,,False,6.5
2023-11-16,665983,5.0,,False,,False,5.0
2023-11-16,665986,5.0,,False,,False,5.0
2023-11-16,665987,6.5,,False,,False,6.5
2023-11-16,665989,4.0,,False,,False,4.0
2023-11-16,666001,4.0,,False,,False,4.0
2023-11-16,989388,5.0,,False,,False,5.0
2023-11-16,999012,4.0,,False,,False,4.0
2023-11-16,1031417,4.0,,False,,False,4.0
2023-11-16,1211253,4.0,,False,,False,4.0
2023-11-16,1252106,4.0,,False,,False,4.0
2023-11-16,1305177,7.5,,False,,False,7.5
2023-11-16,1305178,4.5,,False,,False,4.5
2023-11-16,1403169,4.0,,False,,False,4.0
2023-11-16,1422334,4.0,2.0,True,,False,4.0
2023-11-17,665922,6.5,,False,,False,6.5
2023-11-17,665923,4.0,,False,,False,4.0
2023-11-17,665928,5.5,,False,,False,5.5
2023-11-17,665934,4.0,,False,,False,4.0
2023-11-17,665935,8.0,,False,,False,8.0
2023-11-17,665936,6.5,,False,,False,6.5
2023-11-17,665938,6.0,,False,Enfermedad común,True,0.0
2023-11-17,665941,6.5,,False,,False,6.5
2023-11-17,665944,4.0,,False,,False,4.0
2023-11-17,665948,4.5,,False,,False,4.5
2023-11-17,665950,5.0,,False,,False,5.0
2023-11-17,665953,7.5,,False,,False,7.5
2023-11-17,665954,6.5,,False,,False,6.5
2023-11-17,665956,7.5,,False,,False,7.5
2023-11-17,665965,6.5,2.0,True,,False,6.5
2023-11-17,665971,5.0,,False,,False,5.0
2023-11-17,665979,8.0,,False,,False,8.0
2023-11-17,666001,4.5,,False,,False,4.5
2023-11-17,872680,4.5,,False,Enfermedad común,True,0.0
2023-11-17,989388,6.0,,False,,False,6.0
2023-11-17,999012,7.5,,False,,False,7.5
2023-11-17,1031417,4.5,,False,,False,4.5
2023-11-17,1201829,8.0,2.0,True,,False,8.0
2023-11-17,1211253,4.0,,False,,False,4.0
2023-11-17,1252106,4.5,,False,,False,4.5
2023-11-17,1305180,7.5,1.0,True,,False,7.5
2023-11-17,1403169,4.0,,False,,False,4.0
2023-11-17,1422334,4.0,2.0,True,,False,4.0
2023-11-17,1661019,5.0,,False,,False,5.0
2023-11-17,1662112,5.0,1.0,True,,False,5.0
2023-11-18,665922,8.0,,False,,False,8.0
2023-11-18,665923,7.0,,False,,False,7.0
2023-11-18,665926,4.0,,False,,False,4.0
2023-11-18,665928,8.0,,False,,False,8.0
2023-11-18,665934,4.5,,False,,False,4.5
2023-11-18,665935,7.5,,False,,False,7.5
2023-11-18,665936,5.0,,False,,False,5.0
2023-11-18,665938,8.0,,False,Enfermedad común,True,0.0
2023-11-18,665944,8.0,,False,,False,8.0
2023-11-18,665952,8.0,,False,,False,8.0
2023-11-18,665954,8.0,,False,,False,8.0
2023-11-18,665956,7.5,,False,,False,7.5
2023-11-18,665959,4.0,,False,,False,4.0
2023-11-18,665965,6.5,2.0,True,,False,6.5
2023-11-18,665971,8.0,,False,,False,8.0
2023-11-18,665979,7.0,,False,,False,7.0
2023-11-18,665983,6.0,,False,,False,6.0
2023-11-18,665986,8.0,,False,,False,8.0
2023-11-18,665987,5.5,,False,,False,5.5
2023-11-18,665989,6.0,,False,,False,6.0
2023-11-18,872680,5.0,,False,Enfermedad común,True,0.0
2023-11-18,876837,8.0,,False,,False,8.0
2023-11-18,989388,7.5,,False,,False,7.5
2023-11-18,999012,7.5,,False,,False,7.5
2023-11-18,1031417,7.0,,False,,False,7.0
2023-11-18,1201829,7.5,2.0,True,,False,7.5
2023-11-18,1211253,6.5,,False,,False,6.5
2023-11-18,1252106,8.0,,False,,False,8.0
2023-11-18,1305177,6.0,,False,,False,6.0
2023-11-18,1305178,6.5,,False,,False,6.5
2023-11-18,1305180,6.0,1.0,True,,False,6.0
2023-11-18,1403169,4.0,,False,,False,4.0
2023-11-18,1422334,4.0,2.0,True,,False,4.0
2023-11-18,1529075,8.0,,False,,False,8.0
2023-11-18,1661019,8.0,,False,,False,8.0
2023-11-18,1662112,8.0,1.0,True,,False,8.0
2023-11-20,665926,4.5,,False,,False,4.5
2023-11-20,665928,7.0,,False,,False,7.0
2023-11-20,665934,4.0,,False,,False,4.0
2023-11-20,665935,8.0,,False,,False,8.0
2023-11-20,665938,5.0,,False,Enfermedad común,True,0.0
2023-11-20,665944,6.5,,False,,False,6.5
2023-11-20,665948,5.5,,False,,False,5.5
2023-11-20,665952,5.0,,False,,False,5.0
2023-11-20,665954,6.5,,False,,False,6.5
2023-11-20,665956,5.5,,False,,False,5.5
2023-11-20,665959,7.5,,False,,False,7.5
2023-11-20,665965,6.5,2.0,True,,False,6.5
2023-11-20,665971,4.5,,False,,False,4.5
2023-11-20,665983,5.0,,False,,False,5.0
2023-11-20,665986,7.5,,False,,False,7.5
2023-11-20,665987,6.5,,False,,False,6.5
2023-11-20,665989,4.0,,False,,False,4.0
2023-11-20,666001,6.5,,False,,False,6.5
2023-11-20,872680,4.5,,False,Enfermedad común,True,0.0
2023-11-20,876837,6.0,,False,,False,6.0
2023-11-20,989388,5.0,,False,,False,5.0
2023-11-20,999012,6.5,,False,,False,6.5
2023-11-20,1031417,4.0,,False,,False,4.0
2023-11-20,1201829,7.5,2.0,True,,False,7.5
2023-11-20,1211253,4.5,,False,,False,4.5
2023-11-20,1252106,5.5,,False,,False,5.5
2023-11-20,1305178,5.0,,False,,False,5.0
2023-11-20,1403169,5.0,,False,,False,5.0
2023-11-20,1529075,8.0,,False,,False,8.0
2023-11-21,665922,4.0,,False,,False,4.0
2023-11-21,665926,4.5,,False,,False,4.5
2023-11-21,665928,8.0,,False,,False,8.0
2023-11-21,665934,4.0,,False,,False,4.0
2023-11-21,665935,5.5,,False,,False,5.5
2023-11-21,665936,8.0,,False,,False,8.0
2023-11-21,665938,5.0,,False,Enfermedad común,True,0.0
2023-11-21,665941,4.0,,False,,False,4.0
2023-11-21,665948,6.0,,False,,False,6.0
2023-11-21,665950,5.0,,False,,False,5.0
2023-11-21,665953,8.0,,False,,False,8.0
2023-11-21,665954,7.5,,False,,False,7.5
2023-11-21,665956,7.5,,False,,False,7.5
2023-11-21,665959,7.5,,False,,False,7.5
2023-11-21,665965,6.5,2.0,True,,False,6.5
2023-11-21,665983,4.5,,False,,False,4.5
2023-11-21,665987,8.0,,False,,False,8.0
2023-11-21,665989,4.5,,False,,False,4.5
2023-11-21,872680,5.0,,False,Enfermedad común,True,0.0
2023-11-21,989388,5.0,,False,,False,5.0
2023-11-21,1031417,6.5,,False,,False,6.5
2023-11-21,1201829,7.5,2.0,True,,False,7.5
2023-11-21,1305177,5.0,,False,,False,5.0
2023-11-21,1305178,5.5,,False,,False,5.5
2023-11-21,1397361,7.5,,False,,False,7.5
2023-11-21,1403169,4.0,,False,,False,4.0
2023-11-21,1422334,5.5,2.0,True,,False,5.5
2023-11-22,665922,4.5,,False,,False,4.5
2023-11-22,665923,5.5,,False,,False,5.5
2023-11-22,665926,4.5,,False,,False,4.5
2023-11-22,665928,7.0,,False,,False,7.0
2023-11-22,665935,6.0,,False,,False,6.0
2023-11-22,665936,7.5,,False,,False,7.5
2023-11-22,665938,4.0,,False,Enfermedad común,True,0.0
2023-11-22,665941,4.0,,False,,False,4.0
2023-11-22,665948,7.5,,False,,False,7.5
2023-11-22,665950,5.0,,False,,False,5.0
2023-11-22,665953,6.5,,False,,False,6.5
2023-11-22,665959,6.5,,False,,False,6.5
2023-11-22,665965,6.5,2.0,True,,False,6.5
2023-11-22,665971,5.0,,False,,False,5.0
2023-11-22,665978,5.0,,False,,False,5.0
2023-11-22,665979,6.0,,False,,False,6.0
2023-11-22,665983,5.0,,False,,False,5.0
2023-11-22,665987,8.5,,False,,False,8.5
2023-11-22,665989,5.0,,False,,False,5.0
2023-11-22,666001,5.0,,False,,False,5.0
2023-11-22,872680,5.0,,False,Enfermedad común,True,0.0
2023-11-22,876837,4.0,,False,,False,4.0
2023-11-22,999012,6.0,,False,,False,6.0
2023-11-22,1201829,7.5,2.0,True,,False,7.5
2023-11-22,1305177,5.0,,False,,False,5.0
2023-11-22,1305180,6.5,1.0,True,,False,6.5
2023-11-22,1397361,7.5,,False,,False,7.5
2023-11-23,665922,4.0,,False,,False,4.0
2023-11-23,665923,7.0,,False,,False,7.0
2023-11-23,665926,4.5,,False,,False,4.5
2023-11-23,665928,6.0,,False,,False,6.0
2023-11-23,665935,6.5,,False,,False,6.5
2023-11-23,665936,7.5,,False,,False,7.5
2023-11-23,665938,5.0,,False,Enfermedad común,True,0.0
2023-11-23,665941,5.0,,False,,False,5.0
2023-11-23,665944,7.5,,False,,False,7.5
2023-11-23,665948,6.5,,False,,False,6.5
2023-11-23,665950,5.0,,False,,False,5.0
2023-11-23,665952,5.5,,False,,False,5.5
2023-11-23,665953,6.5,,False,,False,6.5
2023-11-23,665956,6.5,,False,,False,6.5
2023-11-23,665978,5.5,,False,,False,5.5
2023-11-23,665979,7.5,,False,,False,7.5
2023-11-23,665983,5.0,,False,,False,5.0
2023-11-23,665989,4.5,,False,,False,4.5
2023-11-23,872680,4.5,,False,Enfermedad común,True,0.0
2023-11-23,876837,5.5,,False,,False,5.5
2023-11-23,989388,6.0,,False,,False,6.0
2023-11-23,999012,5.0,,False,,False,5.0
2023-11-23,1211253,7.5,,False,,False,7.5
2023-11-23,1252106,5.5,,False,,False,5.5
2023-11-23,1305177,6.0,,False,,False,6.0
2023-11-23,1305180,6.0,1.0,True,,False,6.0
2023-11-23,1403169,4.0,,False,,False,4.0
2023-11-23,1422334,5.5,2.0,True,,False,5.5
2023-11-24,665917,6.5,1.0,True,,False,6.5
2023-11-24,665923,4.0,,False,,False,4.0
2023-11-24,665928,5.5,,False,,False,5.5
2023-11-24,665934,4.0,,False,,False,4.0
2023-11-24,665935,7.5,,False,,False,7.5
2023-11-24,665941,7.0,,False,,False,7.0
2023-11-24,665944,5.5,,False,,False,5.5
2023-11-24,665952,5.0,,False,,False,5.0
2023-11-24,665956,6.5,,False,,False,6.5
2023-11-24,665959,8.0,,False,,False,8.0
2023-11-24,665971,4.5,,False,,False,4.5
2023-11-24,665978,4.5,,False,,False,4.5
2023-11-24,665979,7.5,,False,,False,7.5
2023-11-24,665987,7.5,,False,,False,7.5
2023-11-24,665989,5.0,,False,,False,5.0
2023-11-24,666001,6.5,,False,,False,6.5
2023-11-24,872680,4.5,,False,Enfermedad común,True,0.0
2023-11-24,876837,5.5,,False,,False,5.5
2023-11-24,989388,6.5,,False,,False,6.5
2023-11-24,999012,5.5,,False,,False,5.5
2023-11-24,1031417,5.0,,False,,False,5.0
2023-11-24,1211253,7.5,,False,,False,7.5
2023-11-24,1252106,7.5,,False,,False,7.5
2023-11-24,1305177,7.5,,False,,False,7.5
2023-11-24,1305178,5.0,,False,,False,5.0
2023-11-24,1305180,6.5,1.0,True,,False,6.5
2023-11-24,1397361,7.5,,False,,False,7.5
2023-11-24,1422334,5.5,2.0,True,,False,5.5
2023-11-24,1595955,5.5,2.0,True,,False,5.5
2023-11-24,1595956,7.0,2.0,True,,False,7.0
2023-11-24,1595958,5.0,2.0,True,,False,5.0
2023-11-24,1661019,5.0,,False,,False,5.0
2023-11-24,1662112,5.0,1.0,True,,False,5.0
2023-11-25,665917,6.0,1.0,True,,False,6.0
2023-11-25,665922,8.0,,False,,False,8.0
2023-11-25,665923,8.0,,False,,False,8.0
2023-11-25,665934,6.0,,False,,False,6.0
2023-11-25,665936,7.0,,False,,False,7.0
2023-11-25,665941,6.0,,False,,False,6.0
2023-11-25,665944,4.0,,False,,False,4.0
2023-11-25,665950,4.0,,False,,False,4.0
2023-11-25,665952,5.5,,False,,False,5.5
2023-11-25,665953,8.0,,False,,False,8.0
2023-11-25,665959,7.5,,False,,False,7.5
2023-11-25,665965,8.0,2.0,True,,False,8.0
2023-11-25,665971,4.0,,False,,False,4.0
2023-11-25,665978,8.0,,False,,False,8.0
2023-11-25,665979,7.5,,False,,False,7.5
2023-11-25,665983,5.5,,False,,False,5.5
2023-11-25,665987,8.0,,False,,False,8.0
2023-11-25,666001,5.0,,False,,False,5.0
2023-11-25,876837,6.0,,False,,False,6.0
2023-11-25,989388,6.5,,False,,False,6.5
2023-11-25,999012,8.0,,False,,False,8.0
2023-11-25,1031417,8.0,,False,,False,8.0
2023-11-25,1201829,8.0,2.0,True,,False,8.0
2023-11-25,1211253,4.5,,False,,False,4.5
2023-11-25,1252106,7.5,,False,,False,7.5
2023-11-25,1305177,7.0,,False,,False,7.0
2023-11-25,1305178,8.0,,False,,False,8.0
2023-11-25,1305180,5.0,1.0,True,,False,5.0
2023-11-25,1397361,7.5,,False,,False,7.5
2023-11-25,1403169,5.5,,False,,False,5.5
2023-11-25,1422334,5.5,2.0,True,,False,5.5
2023-11-25,1529075,8.5,,False,,False,8.5
2023-11-25,1595955,6.5,2.0,True,,False,6.5
2023-11-25,1595956,7.0,2.0,True,,False,7.0
2023-11-25,1595958,7.0,2.0,True,,False,7.0
2023-11-25,1661019,8.0,,False,,False,8.0
2023-11-25,1662112,6.5,1.0,True,,False,6.5
2023-11-26,665917,5.5,1.0,True,,False,5.5
2023-11-26,665922,5.0,,False,,False,5.0
2023-11-26,665923,4.0,,False,,False,4.0
2023-11-26,665934,4.0,,False,,False,4.0
2023-11-26,665936,7.0,,False,,False,7.0
2023-11-26,665944,4.0,,False,,False,4.0
2023-11-26,665950,7.5,,False,,False,7.5
2023-11-26,665952,5.5,,False,,False,5.5
2023-11-26,665953,5.5,,False,,False,5.5
2023-11-26,665965,8.0,2.0,True,,False,8.0
2023-11-26,665971,7.0,,False,,False,7.0
2023-11-26,665978,4.5,,False,,False,4.5
2023-11-26,665979,5.5,,False,,False,5.5
2023-11-26,1031417,5.5,,False,,False,5.5
2023-11-26,1201829,8.0,2.0,True,,False,8.0
2023-11-26,1211253,4.5,,False,,False,4.5
2023-11-26,1252106,3.0,,False,,False,3.0
2023-11-26,1305180,7.5,1.0,True,,False,7.5
2023-11-26,1403169,6.5,,False,,False,6.5
2023-11-26,1422334,5.5,2.0,True,,False,5.5
2023-11-26,1595955,5.5,2.0,True,,False,5.5
2023-11-26,1595956,4.0,2.0,True,,False,4.0
2023-11-26,1595958,6.5,2.0,True,,False,6.5
2023-11-26,1661019,8.0,,False,,False,8.0
2023-11-26,1662112,6.0,1.0,True,,False,6.0
2023-11-27,665917,5.0,1.0,True,,False,5.0
2023-11-27,665926,4.5,,False,Vacaciones,True,0.0
2023-11-27,665928,7.0,,False,,False,7.0
2023-11-27,665934,4.0,,False,,False,4.0
2023-11-27,665936,6.5,,False,,False,6.5
2023-11-27,665938,7.5,,False,Enfermedad común,True,0.0
2023-11-27,665944,5.5,,False,,False,5.5
2023-11-27,665950,5.0,,False,,False,5.0
2023-11-27,665952,6.0,,False,,False,6.0
2023-11-27,665953,5.0,,False,,False,5.0
2023-11-27,665954,6.5,,False,,False,6.5
2023-11-27,665956,6.5,,False,,False,6.5
2023-11-27,665959,8.0,,False,,False,8.0
2023-11-27,665965,7.5,2.0,True,,False,7.5
2023-11-27,665971,4.5,,False,,False,4.5
2023-11-27,665978,6.5,,False,,False,6.5
2023-11-27,665986,7.5,,False,,False,7.5
2023-11-27,665987,6.5,,False,,False,6.5
2023-11-27,666001,4.0,,False,,False,4.0
2023-11-27,872680,4.5,,False,Enfermedad común,True,0.0
2023-11-27,876837,4.0,,False,,False,4.0
2023-11-27,989388,5.0,,False,,False,5.0
2023-11-27,999012,4.5,,False,,False,4.5
2023-11-27,1031417,6.5,,False,,False,6.5
2023-11-27,1211253,4.0,,False,,False,4.0
2023-11-27,1252106,5.5,,False,Vacaciones,True,0.0
2023-11-27,1305177,7.5,,False,,False,7.5
2023-11-27,1397361,7.5,,False,,False,7.5
2023-11-27,1403169,4.0,,False,,False,4.0
2023-11-28,665917,8.0,1.0,True,,False,8.0
2023-11-28,665922,4.5,,False,,False,4.5
2023-11-28,665928,7.0,,False,,False,7.0
2023-11-28,665936,7.5,,False,,False,7.5
2023-11-28,665941,6.5,,False,,False,6.5
2023-11-28,665944,4.0,,False,,False,4.0
2023-11-28,665948,4.0,,False,,False,4.0
2023-11-28,665950,5.0,,False,,False,5.0
2023-11-28,665952,6.0,,False,,False,6.0
2023-11-28,665953,6.5,,False,,False,6.5
2023-11-28,665956,6.5,,False,,False,6.5
2023-11-28,665959,8.0,,False,,False,8.0
2023-11-28,665965,7.5,2.0,True,,False,7.5
2023-11-28,665979,5.5,,False,,False,5.5
2023-11-28,665987,7.5,,False,,False,7.5
2023-11-28,872680,5.0,,False,Enfermedad común,True,0.0
2023-11-28,989388,5.5,,False,,False,5.5
2023-11-28,999012,4.5,,False,,False,4.5
2023-11-28,1031417,4.5,,False,,False,4.5
2023-11-28,1211253,5.0,,False,,False,5.0
2023-11-28,1305177,4.5,,False,,False,4.5
2023-11-28,1305180,6.5,1.0,True,,False,6.5
2023-11-28,1397361,7.5,,False,,False,7.5
2023-11-28,1403169,4.0,,False,,False,4.0
2023-11-28,1422334,4.0,2.0,True,,False,4.0
2023-11-29,665922,4.0,,False,,False,4.0
2023-11-29,665923,4.0,,False,,False,4.0
2023-11-29,665926,5.0,,False,Vacaciones,True,0.0
2023-11-29,665938,4.0,,False,Enfermedad común,True,0.0
2023-11-29,665941,7.5,,False,,False,7.5
2023-11-29,665944,4.0,,False,,False,4.0
2023-11-29,665948,4.0,,False,,False,4.0
2023-11-29,665950,4.0,,False,,False,4.0
2023-11-29,665952,6.0,,False,,False,6.0
2023-11-29,665953,7.5,,False,,False,7.5
2023-11-29,665954,5.5,,False,,False,5.5
2023-11-29,665956,6.5,,False,,False,6.5
2023-11-29,665959,7.5,,False,,False,7.5
2023-11-29,665965,7.5,2.0,True,,False,7.5
2023-11-29,665971,5.0,,False,,False,5.0
2023-11-29,665978,6.5,,False,,False,6.5
2023-11-29,665983,5.0,,False,,False,5.0
2023-11-29,665986,4.0,,False,,False,4.0
2023-11-29,665987,6.5,,False,,False,6.5
2023-11-29,666001,5.0,,False,,False,5.0
2023-11-29,872680,5.0,,False,Enfermedad común,True,0.0
2023-11-29,876837,4.0,,False,,False,4.0
2023-11-29,999012,7.5,,False,,False,7.5
2023-11-29,1201829,8.0,2.0,True,,False,8.0
2023-11-29,1305177,5.0,,False,,False,5.0
2023-11-29,1305180,6.5,1.0,True,,False,6.5
2023-11-29,1422334,4.0,2.0,True,,False,4.0
2023-11-29,1595955,4.0,2.0,True,,False,4.0
2023-11-29,1595956,5.0,2.0,True,,False,5.0
2023-11-29,1595958,5.5,2.0,True,,False,5.5
2023-11-30,665917,7.5,1.0,True,,False,7.5
2023-11-30,665922,5.0,,False,,False,5.0
2023-11-30,665923,4.0,,False,,False,4.0
2023-11-30,665926,4.5,,False,Vacaciones,True,0.0
2023-11-30,665934,4.0,,False,,False,4.0
2023-11-30,665936,6.5,,False,,False,6.5
2023-11-30,665941,7.5,,False,,False,7.5
2023-11-30,665944,4.0,,False,,False,4.0
2023-11-30,665948,6.0,,False,,False,6.0
2023-11-30,665952,5.0,,False,,False,5.0
2023-11-30,665953,6.5,,False,,False,6.5
2023-11-30,665954,5.5,,False,,False,5.5
2023-11-30,665959,6.5,,False,,False,6.5
2023-11-30,665979,6.5,,False,,False,6.5
2023-11-30,665986,4.0,,False,,False,4.0
2023-11-30,665987,4.0,,False,,False,4.0
2023-11-30,876837,4.0,,False,,False,4.0
2023-11-30,989388,5.0,,False,,False,5.0
2023-11-30,1031417,4.5,,False,,False,4.5
2023-11-30,1201829,7.5,2.0,True,,False,7.5
2023-11-30,1252106,5.0,,False,Vacaciones,True,0.0
2023-11-30,1305177,5.0,,False,,False,5.0
2023-11-30,1305180,6.5,,False,,False,6.5
2023-11-30,1397361,7.5,,False,,False,7.5
2023-11-30,1403169,4.0,,False,,False,4.0
2023-11-30,1595955,6.0,2.0,True,,False,6.0
2023-11-30,1595956,6.0,2.0,True,,False,6.0
2023-11-30,1595958,6.5,2.0,True,,False,6.5
2023-12-01,665917,7.5,1.0,True,,False,7.5
2023-12-01,665922,4.0,,False,,False,4.0
2023-12-01,665923,4.0,,False,,False,4.0
2023-12-01,665928,6.5,,False,,False,6.5
2023-12-01,665934,4.0,,False,,False,4.0
2023-12-01,665936,5.0,,False,,False,5.0
2023-12-01,665938,7.5,,False,Enfermedad común,True,0.0
2023-12-01,665941,4.0,,False,,False,4.0
2023-12-01,665944,4.0,,False,,False,4.0
2023-12-01,665948,5.0,,False,,False,5.0
2023-12-01,665950,5.0,,False,,False,5.0
2023-12-01,665954,5.5,,False,,False,5.5
2023-12-01,665959,7.5,,False,,False,7.5
2023-12-01,665971,5.0,,False,,False,5.0
2023-12-01,665978,4.5,,False,,False,4.5
2023-12-01,665979,6.5,,False,,False,6.5
2023-12-01,665983,4.0,,False,,False,4.0
2023-12-01,665986,4.0,,False,,False,4.0
2023-12-01,665987,6.5,,False,,False,6.5
2023-12-01,665989,4.0,,False,,False,4.0
2023-12-01,666001,5.0,,False,,False,5.0
2023-12-01,872680,4.5,,False,Enfermedad común,True,0.0
2023-12-01,876837,4.0,,False,,False,4.0
2023-12-01,989388,5.0,,False,,False,5.0
2023-12-01,999012,6.5,,False,,False,6.5
2023-12-01,1201829,7.5,2.0,True,,False,7.5
2023-12-01,1211253,5.0,,False,,False,5.0
2023-12-01,1252106,5.0,,False,Vacaciones,True,0.0
2023-12-01,1397361,7.5,,False,,False,7.5
2023-12-01,1403169,4.0,,False,,False,4.0
2023-12-01,1422334,4.0,2.0,True,,False,4.0
2023-12-01,1595955,4.0,2.0,True,,False,4.0
2023-12-01,1595956,4.5,2.0,True,,False,4.5
2023-12-01,1595958,5.5,2.0,True,,False,5.5
2023-12-01,1661019,5.0,,False,,False,5.0
2023-12-01,1662112,5.0,1.0,True,,False,5.0
2023-12-02,665917,7.5,1.0,True,,False,7.5
2023-12-02,665922,5.5,,False,,False,5.5
2023-12-02,665923,4.0,,False,,False,4.0
2023-12-02,665926,4.0,,False,Vacaciones,True,0.0
2023-12-02,665928,4.0,,False,,False,4.0
2023-12-02,665934,4.0,,False,,False,4.0
2023-12-02,665936,5.5,,False,,False,5.5
2023-12-02,665938,8.0,,False,Enfermedad común,True,0.0
2023-12-02,665941,5.0,,False,,False,5.0
2023-12-02,665948,8.0,,False,,False,8.0
2023-12-02,665950,4.0,,False,,False,4.0
2023-12-02,665952,6.5,,False,,False,6.5
2023-12-02,665953,4.5,,False,,False,4.5
2023-12-02,665954,6.0,,False,,False,6.0
2023-12-02,665956,5.5,,False,,False,5.5
2023-12-02,665965,7.5,2.0,True,,False,7.5
2023-12-02,665971,6.5,,False,,False,6.5
2023-12-02,665978,5.5,,False,,False,5.5
2023-12-02,665979,6.5,,False,,False,6.5
2023-12-02,665986,8.0,,False,,False,8.0
2023-12-02,665987,5.0,,False,,False,5.0
2023-12-02,665989,6.0,,False,,False,6.0
2023-12-02,666001,8.0,,False,,False,8.0
2023-12-02,872680,5.0,,False,Enfermedad común,True,0.0
2023-12-02,876837,6.0,,False,,False,6.0
2023-12-02,989388,6.5,,False,,False,6.5
2023-12-02,999012,6.5,,False,,False,6.5
2023-12-02,1031417,4.5,,False,,False,4.5
2023-12-02,1201829,7.5,2.0,True,,False,7.5
2023-12-02,1211253,4.0,,False,,False,4.0
2023-12-02,1252106,5.5,,False,Vacaciones,True,0.0
2023-12-02,1305177,6.0,,False,,False,6.0
2023-12-02,1397361,8.0,,False,,False,8.0
2023-12-02,1403169,4.0,,False,,False,4.0
2023-12-02,1422334,4.0,2.0,True,,False,4.0
2023-12-02,1595955,4.5,2.0,True,,False,4.5
2023-12-02,1595956,5.5,2.0,True,,False,5.5
2023-12-02,1595958,6.0,2.0,True,,False,6.0
2023-12-02,1661019,8.0,,False,,False,8.0
2023-12-02,1662112,7.0,1.0,True,,False,7.0
2023-12-03,665923,8.0,,False,,False,8.0
2023-12-03,665928,8.0,,False,,False,8.0
2023-12-03,665934,4.0,,False,,False,4.0
2023-12-03,665956,7.0,,False,,False,7.0
2023-12-03,665965,7.5,2.0,True,,False,7.5
2023-12-03,665978,5.5,,False,,False,5.5
2023-12-03,665979,7.5,,False,,False,7.5
2023-12-03,1031417,6.5,,False,,False,6.5
2023-12-03,1201829,8.0,2.0,True,,False,8.0
2023-12-03,1211253,5.0,,False,,False,5.0
2023-12-03,1252106,6.0,,False,,False,6.0
2023-12-03,1422334,4.0,2.0,True,,False,4.0
2023-12-03,1595955,5.5,2.0,True,,False,5.5
2023-12-03,1595956,6.5,2.0,True,,False,6.5
2023-12-03,1595958,4.5,2.0,True,,False,4.5
2023-12-04,665922,4.0,,False,,False,4.0
2023-12-04,665923,7.0,,False,,False,7.0
2023-12-04,665926,4.5,,False,,False,4.5
2023-12-04,665935,8.0,,False,,False,8.0
2023-12-04,665941,6.0,,False,,False,6.0
2023-12-04,665948,4.0,,False,,False,4.0
2023-12-04,665950,5.0,,False,,False,5.0
2023-12-04,665953,6.5,,False,,False,6.5
2023-12-04,665954,6.5,1.0,True,,False,6.5
2023-12-04,665956,7.5,,False,,False,7.5
2023-12-04,665959,7.5,,False,,False,7.5
2023-12-04,665971,6.0,,False,,False,6.0
2023-12-04,665979,6.5,,False,,False,6.5
2023-12-04,665986,5.0,,False,,False,5.0
2023-12-04,665987,6.0,,False,,False,6.0
2023-12-04,665989,4.0,,False,,False,4.0
2023-12-04,666001,4.0,,False,,False,4.0
2023-12-04,872680,4.5,,False,Enfermedad común,True,0.0
2023-12-04,876837,4.5,,False,,False,4.5
2023-12-04,989388,4.0,,False,,False,4.0
2023-12-04,999012,4.0,,False,,False,4.0
2023-12-04,1031417,5.5,,False,,False,5.5
2023-12-04,1252106,5.0,,False,,False,5.0
2023-12-04,1305177,7.5,,False,,False,7.5
2023-12-04,1305178,4.5,,False,,False,4.5
2023-12-04,1397361,7.5,,False,,False,7.5
2023-12-04,1529075,8.0,,False,,False,8.0
2023-12-05,665917,7.5,1.0,True,,False,7.5
2023-12-05,665923,7.5,,False,,False,7.5
2023-12-05,665928,8.0,,False,,False,8.0
2023-12-05,665934,5.5,,False,,False,5.5
2023-12-05,665935,8.0,,False,,False,8.0
2023-12-05,665936,8.0,,False,,False,8.0
2023-12-05,665938,4.0,,False,Enfermedad común,True,0.0
2023-12-05,665941,5.5,,False,,False,5.5
2023-12-05,665948,6.5,,False,,False,6.5
2023-12-05,665950,5.0,,False,,False,5.0
2023-12-05,665952,4.0,,False,,False,4.0
2023-12-05,665954,6.5,1.0,True,,False,6.5
2023-12-05,665956,7.5,,False,,False,7.5
2023-12-05,665959,7.5,,False,,False,7.5
2023-12-05,665979,6.5,,False,,False,6.5
2023-12-05,665987,8.0,,False,,False,8.0
2023-12-05,665989,4.0,,False,,False,4.0
2023-12-05,666001,4.5,,False,,False,4.5
2023-12-05,872680,5.0,,False,Enfermedad común,True,0.0
2023-12-05,876837,5.0,,False,,False,5.0
2023-12-05,989388,5.0,,False,,False,5.0
2023-12-05,999012,4.5,,False,,False,4.5
2023-12-05,1211253,7.0,,False,,False,7.0
2023-12-05,1252106,4.0,,False,,False,4.0
2023-12-05,1397361,7.5,,False,,False,7.5
2023-12-05,1403169,4.0,,False,,False,4.0
2023-12-05,1422334,5.0,2.0,True,,False,5.0
2023-12-05,1529075,8.0,,False,,False,8.0
2023-12-05,1595955,4.0,2.0,True,,False,4.0
2023-12-05,1595956,4.0,2.0,True,,False,4.0
2023-12-05,1595958,5.5,2.0,True,,False,5.5
2023-12-07,665917,6.5,1.0,True,,False,6.5
2023-12-07,665922,4.5,,False,,False,4.5
2023-12-07,665923,8.0,,False,,False,8.0
2023-12-07,665926,4.5,,False,,False,4.5
2023-12-07,665936,6.5,,False,,False,6.5
2023-12-07,665938,4.0,,False,Enfermedad común,True,0.0
2023-12-07,665941,6.5,,False,,False,6.5
2023-12-07,665944,8.0,,False,,False,8.0
2023-12-07,665950,5.0,,False,,False,5.0
2023-12-07,665952,6.5,,False,,False,6.5
2023-12-07,665953,5.5,,False,,False,5.5
2023-12-07,665954,7.5,1.0,True,,False,7.5
2023-12-07,665956,8.0,,False,,False,8.0
2023-12-07,665965,7.5,2.0,True,,False,7.5
2023-12-07,665978,5.0,,False,,False,5.0
2023-12-07,665983,4.5,,False,,False,4.5
2023-12-07,665986,4.0,,False,,False,4.0
2023-12-07,665987,7.5,,False,,False,7.5
2023-12-07,665989,6.0,,False,,False,6.0
2023-12-07,872680,5.0,,False,Enfermedad común,True,0.0
2023-12-07,876837,4.5,,False,,False,4.5
2023-12-07,989388,5.0,,False,,False,5.0
2023-12-07,1201829,6.5,2.0,True,Vacaciones,True,0.0
2023-12-07,1211253,4.0,,False,,False,4.0
2023-12-07,1305177,5.0,,False,,False,5.0
2023-12-07,1305178,5.0,,False,,False,5.0
2023-12-07,1397361,8.0,,False,,False,8.0
2023-12-07,1403169,4.0,,False,,False,4.0
2023-12-07,1422334,4.0,2.0,True,,False,4.0
2023-12-08,665917,6.5,1.0,True,,False,6.5
2023-12-08,665922,4.0,,False,,False,4.0
2023-12-08,665923,6.5,,False,,False,6.5
2023-12-08,665926,4.0,,False,,False,4.0
2023-12-08,665928,6.5,,False,,False,6.5
2023-12-08,665934,5.5,,False,,False,5.5
2023-12-08,665935,7.5,,False,,False,7.5
2023-12-08,665936,4.0,,False,,False,4.0
2023-12-08,665938,4.5,,False,Enfermedad común,True,0.0
2023-12-08,665944,6.0,,False,,False,6.0
2023-12-08,665948,5.0,,False,,False,5.0
2023-12-08,665952,6.5,,False,,False,6.5
2023-12-08,665953,6.0,,False,,False,6.0
2023-12-08,665954,6.5,1.0,True,,False,6.5
2023-12-08,665956,5.0,,False,,False,5.0
2023-12-08,665959,8.0,,False,,False,8.0
2023-12-08,665965,7.5,2.0,True,,False,7.5
2023-12-08,665971,6.0,,False,,False,6.0
2023-12-08,665978,4.5,,False,,False,4.5
2023-12-08,665979,7.0,,False,,False,7.0
2023-12-08,665983,4.0,,False,,False,4.0
2023-12-08,665987,4.0,,False,,False,4.0
2023-12-08,872680,4.5,,False,Enfermedad común,True,0.0
2023-12-08,989388,4.0,,False,,False,4.0
2023-12-08,999012,5.0,,False,,False,5.0
2023-12-08,1031417,4.5,,False,,False,4.5
2023-12-08,1201829,6.5,2.0,True,,False,6.5
2023-12-08,1211253,5.0,,False,,False,5.0
2023-12-08,1252106,4.0,,False,,False,4.0
2023-12-08,1305177,4.5,,False,,False,4.5
2023-12-08,1305178,4.5,,False,,False,4.5
2023-12-08,1397361,7.5,,False,,False,7.5
2023-12-08,1403169,6.0,,False,,False,6.0
2023-12-08,1422334,5.5,2.0,True,,False,5.5
2023-12-08,1529075,8.0,,False,,False,8.0
2023-12-08,1661019,4.0,,False,,False,4.0
2023-12-08,1662112,5.0,1.0,True,,False,5.0
2023-12-09,665917,6.0,1.0,True,,False,6.0
2023-12-09,665922,6.0,,False,,False,6.0
2023-12-09,665926,5.0,,False,,False,5.0
2023-12-09,665928,6.0,,False,,False,6.0
2023-12-09,665934,7.0,,False,,False,7.0
2023-12-09,665935,8.0,,False,,False,8.0
2023-12-09,665936,8.0,,False,,False,8.0
2023-12-09,665938,5.0,,False,Enfermedad común,True,0.0
2023-12-09,665941,5.5,,False,,False,5.5
2023-12-09,665944,4.0,,False,,False,4.0
2023-12-09,665948,8.0,,False,,False,8.0
2023-12-09,665950,5.0,,False,,False,5.0
2023-12-09,665952,5.0,,False,,False,5.0
2023-12-09,665953,5.0,,False,,False,5.0
2023-12-09,665959,8.0,,False,,False,8.0
2023-12-09,665965,7.5,2.0,True,,False,7.5
2023-12-09,665971,5.0,,False,,False,5.0
2023-12-09,665978,5.5,,False,,False,5.5
2023-12-09,665979,6.0,,False,,False,6.0
2023-12-09,665983,4.0,,False,,False,4.0
2023-12-09,665986,7.5,,False,,False,7.5
2023-12-09,665989,5.0,,False,,False,5.0
2023-12-09,666001,5.5,,False,,False,5.5
2023-12-09,876837,5.0,,False,,False,5.0
2023-12-09,1031417,5.0,,False,,False,5.0
2023-12-09,1201829,6.5,2.0,True,,False,6.5
2023-12-09,1211253,7.0,,False,,False,7.0
2023-12-09,1252106,6.0,,False,,False,6.0
2023-12-09,1305177,7.5,,False,,False,7.5
2023-12-09,1305178,4.0,,False,,False,4.0
2023-12-09,1397361,8.0,,False,,False,8.0
2023-12-09,1403169,6.5,,False,,False,6.5
2023-12-09,1422334,6.5,2.0,True,,False,6.5
2023-12-09,1529075,8.5,,False,,False,8.5
2023-12-09,1661019,8.0,,False,,False,8.0
2023-12-09,1662112,8.0,1.0,True,,False,8.0
2023-12-10,665928,4.0,,False,,False,4.0
2023-12-10,665934,5.5,,False,,False,5.5
2023-12-10,665965,7.5,2.0,True,,False,7.5
2023-12-10,665978,4.0,,False,,False,4.0
2023-12-10,1031417,6.0,,False,,False,6.0
2023-12-10,1201829,7.5,2.0,True,,False,7.5
2023-12-10,1211253,4.0,,False,,False,4.0
2023-12-10,1252106,5.5,,False,Permiso por acontecimiento de parientes (2º grado),True,0.0
2023-12-10,1422334,5.5,2.0,True,,False,5.5
2023-12-11,665917,7.5,1.0,True,,False,7.5
2023-12-11,665922,4.5,,False,,False,4.5
2023-12-11,665926,4.5,,False,,False,4.5
2023-12-11,665928,6.0,,False,,False,6.0
2023-12-11,665934,4.0,,False,,False,4.0
2023-12-11,665935,7.5,,False,,False,7.5
2023-12-11,665936,6.5,,False,,False,6.5
2023-12-11,665938,4.0,,False,Enfermedad común,True,0.0
2023-12-11,665941,6.5,,False,,False,6.5
2023-12-11,665948,4.0,,False,,False,4.0
2023-12-11,665950,6.0,,False,,False,6.0
2023-12-11,665953,5.0,,False,,False,5.0
2023-12-11,665954,5.5,1.0,True,,False,5.5
2023-12-11,665959,8.0,,False,,False,8.0
2023-12-11,665965,7.0,2.0,True,,False,7.0
2023-12-11,665971,5.0,,False,,False,5.0
2023-12-11,665979,6.5,,False,,False,6.5
2023-12-11,665983,4.0,,False,,False,4.0
2023-12-11,665987,6.0,,False,,False,6.0
2023-12-11,665989,4.5,,False,,False,4.5
2023-12-11,872680,4.5,,False,Enfermedad común,True,0.0
2023-12-11,989388,4.0,,False,,False,4.0
2023-12-11,999012,4.0,,False,,False,4.0
2023-12-11,1031417,7.0,,False,,False,7.0
2023-12-11,1201829,6.5,2.0,True,,False,6.5
2023-12-11,1305178,4.0,,False,,False,4.0
2023-12-11,1397361,7.5,,False,,False,7.5
2023-12-11,1403169,7.0,,False,,False,7.0
2023-12-11,1529075,8.0,,False,,False,8.0
2023-12-12,665917,7.5,1.0,True,,False,7.5
2023-12-12,665922,4.5,,False,,False,4.5
2023-12-12,665928,4.0,,False,,False,4.0
2023-12-12,665935,6.5,,False,,False,6.5
2023-12-12,665936,6.5,,False,,False,6.5
2023-12-12,665938,4.5,,False,Enfermedad común,True,0.0
2023-12-12,665941,6.5,,False,,False,6.5
2023-12-12,665944,5.0,,False,,False,5.0
2023-12-12,665948,4.0,,False,,False,4.0
2023-12-12,665950,6.0,,False,,False,6.0
2023-12-12,665952,4.0,,False,,False,4.0
2023-12-12,665959,8.0,,False,,False,8.0
2023-12-12,665965,7.0,2.0,True,,False,7.0
2023-12-12,665978,4.0,,False,,False,4.0
2023-12-12,665979,7.5,,False,,False,7.5
2023-12-12,665986,4.0,,False,,False,4.0
2023-12-12,665987,6.5,,False,,False,6.5
2023-12-12,665989,5.0,,False,,False,5.0
2023-12-12,666001,4.5,,False,,False,4.5
2023-12-12,872680,5.0,,False,Enfermedad común,True,0.0
2023-12-12,876837,4.5,,False,,False,4.5
2023-12-12,989388,5.5,,False,,False,5.5
2023-12-12,1031417,4.0,,False,,False,4.0
2023-12-12,1201829,6.5,2.0,True,,False,6.5
2023-12-12,1211253,4.0,,False,,False,4.0
2023-12-12,1305177,7.5,,False,,False,7.5
2023-12-12,1305178,4.0,,False,,False,4.0
2023-12-12,1397361,7.5,,False,,False,7.5
2023-12-12,1403169,4.0,,False,,False,4.0
2023-12-12,1422334,5.5,2.0,True,,False,5.5
2023-12-12,1529075,8.0,,False,,False,8.0
2023-12-13,665917,7.5,1.0,True,,False,7.5
2023-12-13,665922,4.0,,False,,False,4.0
2023-12-13,665923,6.0,,False,,False,6.0
2023-12-13,665926,4.5,,False,,False,4.5
2023-12-13,665928,4.0,,False,,False,4.0
2023-12-13,665935,6.5,,False,,False,6.5
2023-12-13,665936,5.5,,False,,False,5.5
2023-12-13,665938,4.0,,False,Enfermedad común,True,0.0
2023-12-13,665941,4.0,,False,,False,4.0
2023-12-13,665944,5.0,,False,,False,5.0
2023-12-13,665948,4.0,,False,,False,4.0
2023-12-13,665950,4.0,,False,,False,4.0
2023-12-13,665952,4.0,,False,,False,4.0
2023-12-13,665953,7.5,,False,,False,7.5
2023-12-13,665954,5.5,1.0,True,,False,5.5
2023-12-13,665956,4.0,,False,,False,4.0
2023-12-13,665959,8.0,,False,,False,8.0
2023-12-13,665965,5.0,2.0,True,,False,5.0
2023-12-13,665971,5.0,,False,,False,5.0
2023-12-13,665978,5.5,,False,,False,5.5
2023-12-13,665979,7.5,,False,,False,7.5
2023-12-13,665983,4.0,,False,,False,4.0
2023-12-13,665986,4.0,,False,,False,4.0
2023-12-13,665987,6.0,,False,,False,6.0
2023-12-13,665989,4.0,,False,,False,4.0
2023-12-13,666001,4.0,,False,,False,4.0
2023-12-13,872680,5.0,,False,Enfermedad común,True,0.0
2023-12-13,876837,4.0,,False,,False,4.0
2023-12-13,989388,4.0,,False,,False,4.0
2023-12-13,999012,5.0,,False,,False,5.0
2023-12-13,1031417,5.0,,False,,False,5.0
2023-12-13,1201829,6.5,2.0,True,,False,6.5
2023-12-13,1211253,4.0,,False,,False,4.0
2023-12-13,1252106,4.5,,False,Permiso por acontecimiento de parientes (2º grado),True,0.0
2023-12-13,1305178,4.0,,False,,False,4.0
2023-12-13,1422334,6.5,2.0,True,,False,6.5
2023-12-13,1529075,8.0,,False,,False,8.0
2023-12-14,665917,7.5,1.0,True,,False,7.5
2023-12-14,665922,5.0,,False,,False,5.0
2023-12-14,665923,4.0,,False,,False,4.0
2023-12-14,665926,4.5,,False,,False,4.5
2023-12-14,665928,5.5,,False,,False,5.5
2023-12-14,665935,6.5,,False,,False,6.5
2023-12-14,665938,4.0,,False,Enfermedad común,True,0.0
2023-12-14,665941,6.5,,False,,False,6.5
2023-12-14,665944,4.5,,False,,False,4.5
2023-12-14,665948,4.0,,False,,False,4.0
2023-12-14,665952,4.5,,False,,False,4.5
2023-12-14,665953,6.5,,False,,False,6.5
2023-12-14,665954,5.5,1.0,True,,False,5.5
2023-12-14,665956,7.5,,False,,False,7.5
2023-12-14,665959,6.5,,False,,False,6.5
2023-12-14,665965,6.5,2.0,True,,False,6.5
2023-12-14,665979,5.0,,False,,False,5.0
2023-12-14,665983,4.0,,False,,False,4.0
2023-12-14,665986,6.5,,False,,False,6.5
2023-12-14,665987,6.0,,False,,False,6.0
2023-12-14,872680,4.5,,False,Enfermedad común,True,0.0
2023-12-14,876837,4.0,,False,,False,4.0
2023-12-14,989388,4.0,,False,,False,4.0
2023-12-14,999012,4.5,,False,,False,4.5
2023-12-14,1031417,5.0,,False,,False,5.0
2023-12-14,1211253,4.0,,False,,False,4.0
2023-12-14,1252106,4.5,,False,Permiso por acontecimiento de parientes (2º grado),True,0.0
2023-12-14,1305178,4.0,,False,,False,4.0
2023-12-14,1397361,7.5,,False,,False,7.5
2023-12-14,1403169,4.0,,False,,False,4.0
2023-12-15,665923,4.5,,False,,False,4.5
2023-12-15,665928,5.0,,False,,False,5.0
2023-12-15,665934,4.0,,False,,False,4.0
2023-12-15,665935,8.0,,False,,False,8.0
2023-12-15,665936,6.5,,False,,False,6.5
2023-12-15,665938,4.0,,False,Enfermedad común,True,0.0
2023-12-15,665941,6.0,,False,,False,6.0
2023-12-15,665950,5.0,,False,,False,5.0
2023-12-15,665952,4.0,,False,,False,4.0
2023-12-15,665953,5.0,,False,,False,5.0
2023-12-15,665954,5.5,1.0,True,,False,5.5
2023-12-15,665956,7.5,,False,,False,7.5
2023-12-15,665959,7.5,,False,,False,7.5
2023-12-15,665965,6.5,2.0,True,,False,6.5
2023-12-15,665971,5.0,,False,,False,5.0
2023-12-15,665978,4.5,,False,,False,4.5
2023-12-15,665979,6.0,,False,,False,6.0
2023-12-15,665983,4.0,,False,,False,4.0
2023-12-15,665986,4.0,,False,,False,4.0
2023-12-15,665989,4.0,,False,,False,4.0
2023-12-15,666001,4.0,,False,,False,4.0
2023-12-15,872680,4.5,,False,Enfermedad común,True,0.0
2023-12-15,876837,5.0,,False,,False,5.0
2023-12-15,999012,5.0,,False,,False,5.0
2023-12-15,1031417,6.0,,False,,False,6.0
2023-12-15,1252106,5.0,,False,Permiso por acontecimiento de parientes (2º grado),True,0.0
2023-12-15,1305178,5.0,,False,,False,5.0
2023-12-15,1397361,7.5,,False,,False,7.5
2023-12-15,1403169,4.0,,False,,False,4.0
2023-12-15,1422334,4.0,2.0,True,,False,4.0
2023-12-15,1529075,8.0,,False,,False,8.0
2023-12-15,1661019,5.0,,False,,False,5.0
2023-12-15,1662112,4.5,1.0,True,,False,4.5
2023-12-16,665917,8.0,1.0,True,,False,8.0
2023-12-16,665922,8.0,,False,,False,8.0
2023-12-16,665923,4.0,,False,,False,4.0
2023-12-16,665926,4.0,,False,,False,4.0
2023-12-16,665934,4.5,,False,,False,4.5
2023-12-16,665936,6.0,,False,,False,6.0
2023-12-16,665944,6.5,,False,,False,6.5
2023-12-16,665948,8.0,,False,,False,8.0
2023-12-16,665950,4.0,,False,,False,4.0
2023-12-16,665952,8.0,,False,,False,8.0
2023-12-16,665953,8.0,,False,,False,8.0
2023-12-16,665954,4.0,1.0,True,,False,4.0
2023-12-16,665956,7.5,,False,,False,7.5
2023-12-16,665959,6.0,,False,,False,6.0
2023-12-16,665971,8.0,,False,,False,8.0
2023-12-16,665978,6.5,,False,,False,6.5
2023-12-16,665983,5.0,,False,,False,5.0
2023-12-16,665986,8.0,,False,,False,8.0
2023-12-16,665987,6.5,,False,,False,6.5
2023-12-16,665989,6.5,,False,,False,6.5
2023-12-16,666001,8.0,,False,,False,8.0
2023-12-16,876837,6.0,,False,,False,6.0
2023-12-16,989388,5.5,,False,,False,5.5
2023-12-16,999012,8.0,,False,,False,8.0
2023-12-16,1201829,8.0,2.0,True,,False,8.0
2023-12-16,1211253,7.5,,False,,False,7.5
2023-12-16,1252106,4.0,,False,,False,4.0
2023-12-16,1397361,8.0,,False,,False,8.0
2023-12-16,1403169,4.0,,False,,False,4.0
2023-12-16,1422334,5.5,2.0,True,,False,5.5
2023-12-16,1529075,8.0,,False,,False,8.0
2023-12-16,1661019,8.0,,False,,False,8.0
2023-12-16,1662112,8.0,1.0,True,,False,8.0
2023-12-17,665923,4.0,,False,,False,4.0
2023-12-17,665934,7.5,,False,,False,7.5
2023-12-17,665944,5.5,,False,,False,5.5
2023-12-17,665956,5.0,,False,,False,5.0
2023-12-17,665978,6.0,,False,,False,6.0
2023-12-17,1201829,7.0,2.0,True,,False,7.0
2023-12-17,1211253,8.0,,False,,False,8.0
2023-12-17,1252106,5.5,,False,,False,5.5
2023-12-17,1422334,4.0,2.0,True,,False,4.0
2023-12-18,665917,7.0,1.0,True,,False,7.0
2023-12-18,665922,6.0,,False,,False,6.0
2023-12-18,665923,5.0,,False,,False,5.0
2023-12-18,665926,4.5,,False,,False,4.5
2023-12-18,665928,5.0,,False,,False,5.0
2023-12-18,665934,4.0,,False,,False,4.0
2023-12-18,665935,7.5,,False,,False,7.5
2023-12-18,665938,7.0,,False,Enfermedad común,True,0.0
2023-12-18,665941,4.5,,False,,False,4.5
2023-12-18,665944,4.0,,False,,False,4.0
2023-12-18,665950,5.0,,False,,False,5.0
2023-12-18,665952,4.0,,False,,False,4.0
2023-12-18,665953,6.0,,False,,False,6.0
2023-12-18,665954,6.5,1.0,True,,False,6.5
2023-12-18,665956,7.5,,False,,False,7.5
2023-12-18,665959,7.5,,False,,False,7.5
2023-12-18,665965,6.5,2.0,True,,False,6.5
2023-12-18,665971,4.0,,False,,False,4.0
2023-12-18,665978,4.0,,False,,False,4.0
2023-12-18,665979,6.0,,False,,False,6.0
2023-12-18,665983,5.0,,False,,False,5.0
2023-12-18,665986,4.0,,False,,False,4.0
2023-12-18,665989,6.0,,False,,False,6.0
2023-12-18,666001,6.0,,False,,False,6.0
2023-12-18,872680,4.5,,False,Enfermedad común,True,0.0
2023-12-18,989388,4.0,,False,,False,4.0
2023-12-18,999012,5.0,,False,,False,5.0
2023-12-18,1031417,4.0,,False,,False,4.0
2023-12-18,1201829,7.5,2.0,True,,False,7.5
2023-12-18,1211253,4.0,,False,,False,4.0
2023-12-18,1305177,6.0,,False,,False,6.0
2023-12-18,1403169,7.5,,False,,False,7.5
2023-12-18,1422334,4.0,2.0,True,,False,4.0
2023-12-18,1529075,8.0,,False,,False,8.0
2023-12-19,665917,7.5,1.0,True,,False,7.5
2023-12-19,665923,5.0,,False,,False,5.0
2023-12-19,665928,8.5,,False,,False,8.5
2023-12-19,665934,4.0,,False,,False,4.0
2023-12-19,665935,7.5,,False,,False,7.5
2023-12-19,665936,7.5,,False,,False,7.5
2023-12-19,665938,6.5,,False,,False,6.5
2023-12-19,665944,4.0,,False,,False,4.0
2023-12-19,665948,6.5,,False,,False,6.5
2023-12-19,665950,5.0,,False,,False,5.0
2023-12-19,665953,6.0,,False,,False,6.0
2023-12-19,665959,7.5,,False,,False,7.5
2023-12-19,665965,7.5,2.0,True,,False,7.5
2023-12-19,665979,10.0,,False,,False,10.0
2023-12-19,665983,7.0,,False,,False,7.0
2023-12-19,665986,4.0,,False,,False,4.0
2023-12-19,665987,7.0,,False,,False,7.0
2023-12-19,666001,5.0,,False,,False,5.0
2023-12-19,872680,5.0,,False,Enfermedad común,True,0.0
2023-12-19,989388,4.0,,False,,False,4.0
2023-12-19,999012,5.0,,False,,False,5.0
2023-12-19,1031417,4.0,,False,,False,4.0
2023-12-19,1201829,7.5,2.0,True,,False,7.5
2023-12-19,1211253,4.0,,False,,False,4.0
2023-12-19,1252106,7.5,,False,,False,7.5
2023-12-19,1305178,5.0,,False,,False,5.0
2023-12-19,1403169,4.0,,False,,False,4.0
2023-12-19,1422334,4.0,2.0,True,,False,4.0
2023-12-20,665917,6.5,1.0,True,,False,6.5
2023-12-20,665922,6.0,,False,,False,6.0
2023-12-20,665923,4.0,,False,,False,4.0
2023-12-20,665926,4.5,,False,,False,4.5
2023-12-20,665928,6.0,,False,,False,6.0
2023-12-20,665934,4.0,,False,,False,4.0
2023-12-20,665936,7.5,,False,,False,7.5
2023-12-20,665941,9.0,,False,,False,9.0
2023-12-20,665944,5.5,,False,,False,5.5
2023-12-20,665950,5.0,,False,,False,5.0
2023-12-20,665952,4.0,,False,,False,4.0
2023-12-20,665953,6.0,,False,,False,6.0
2023-12-20,665954,7.5,1.0,True,,False,7.5
2023-12-20,665959,6.5,,False,,False,6.5
2023-12-20,665965,6.5,2.0,True,,False,6.5
2023-12-20,665971,5.0,,False,,False,5.0
2023-12-20,665978,4.0,,False,,False,4.0
2023-12-20,665979,8.0,,False,,False,8.0
2023-12-20,665986,4.0,,False,,False,4.0
2023-12-20,665987,7.5,,False,,False,7.5
2023-12-20,665989,5.0,,False,,False,5.0
2023-12-20,666001,5.0,,False,,False,5.0
2023-12-20,872680,5.0,,False,Enfermedad común,True,0.0
2023-12-20,876837,4.5,,False,,False,4.5
2023-12-20,989388,4.0,,False,,False,4.0
2023-12-20,999012,5.5,,False,,False,5.5
2023-12-20,1201829,7.5,2.0,True,,False,7.5
2023-12-20,1211253,7.5,,False,,False,7.5
2023-12-20,1305177,4.0,,False,,False,4.0
2023-12-20,1305178,5.0,,False,,False,5.0
2023-12-21,665922,6.0,,False,,False,6.0
2023-12-21,665923,4.0,,False,,False,4.0
2023-12-21,665926,4.5,,False,,False,4.5
2023-12-21,665928,4.0,,False,,False,4.0
2023-12-21,665934,4.0,,False,,False,4.0
2023-12-21,665935,7.0,,False,,False,7.0
2023-12-21,665936,4.0,,False,,False,4.0
2023-12-21,665941,7.5,,False,,False,7.5
2023-12-21,665944,5.5,,False,,False,5.5
2023-12-21,665948,4.0,,False,,False,4.0
2023-12-21,665950,5.0,,False,,False,5.0
2023-12-21,665952,4.0,,False,,False,4.0
2023-12-21,665953,7.0,,False,,False,7.0
2023-12-21,665954,6.5,1.0,True,,False,6.5
2023-12-21,665956,6.5,,False,,False,6.5
2023-12-21,665978,4.5,,False,,False,4.5
2023-12-21,665979,8.0,,False,,False,8.0
2023-12-21,665983,4.5,,False,,False,4.5
2023-12-21,665986,5.5,,False,,False,5.5
2023-12-21,665987,7.5,,False,,False,7.5
2023-12-21,665989,4.5,,False,,False,4.5
2023-12-21,666001,5.5,,False,,False,5.5
2023-12-21,872680,5.0,,False,Enfermedad común,True,0.0
2023-12-21,876837,5.0,,False,,False,5.0
2023-12-21,989388,6.0,,False,,False,6.0
2023-12-21,1031417,4.5,,False,,False,4.5
2023-12-21,1201829,6.0,2.0,True,,False,6.0
2023-12-21,1211253,5.5,,False,,False,5.5
2023-12-21,1252106,4.0,,False,,False,4.0
2023-12-21,1305177,5.0,,False,,False,5.0
2023-12-21,1403169,4.0,,False,,False,4.0
2023-12-21,1422334,4.0,2.0,True,,False,4.0
2023-12-21,1529075,8.0,,False,,False,8.0
2023-12-22,665917,6.0,1.0,True,,False,6.0
2023-12-22,665923,4.0,,False,,False,4.0
2023-12-22,665928,5.5,,False,,False,5.5
2023-12-22,665934,4.0,,False,,False,4.0
2023-12-22,665935,7.5,,False,,False,7.5
2023-12-22,665938,4.0,,False,,False,4.0
2023-12-22,665944,4.0,,False,,False,4.0
2023-12-22,665948,6.5,,False,,False,6.5
2023-12-22,665950,5.0,,False,,False,5.0
2023-12-22,665953,7.5,,False,,False,7.5
2023-12-22,665954,6.5,1.0,True,,False,6.5
2023-12-22,665956,6.5,,False,,False,6.5
2023-12-22,665959,8.0,,False,,False,8.0
2023-12-22,665979,7.5,,False,,False,7.5
2023-12-22,665983,4.0,,False,,False,4.0
2023-12-22,665989,4.0,,False,,False,4.0
2023-12-22,666001,4.5,,False,,False,4.5
2023-12-22,872680,4.5,,False,Enfermedad común,True,0.0
2023-12-22,989388,5.0,,False,,False,5.0
2023-12-22,999012,7.0,,False,,False,7.0
2023-12-22,1031417,7.5,,False,,False,7.5
2023-12-22,1201829,8.0,2.0,True,,False,8.0
2023-12-22,1211253,4.0,,False,,False,4.0
2023-12-22,1252106,4.0,,False,,False,4.0
2023-12-22,1305177,6.0,,False,,False,6.0
2023-12-22,1305178,5.0,,False,,False,5.0
2023-12-22,1403169,6.0,,False,,False,6.0
2023-12-22,1529075,8.0,,False,,False,8.0
2023-12-22,1661019,4.5,,False,,False,4.5
2023-12-22,1662112,5.0,1.0,True,,False,5.0
2023-12-23,665917,5.5,1.0,True,,False,5.5
2023-12-23,665922,8.0,,False,,False,8.0
2023-12-23,665926,4.0,,False,,False,4.0
2023-12-23,665934,5.5,,False,,False,5.5
2023-12-23,665935,7.5,,False,,False,7.5
2023-12-23,665936,7.5,,False,,False,7.5
2023-12-23,665938,5.0,,False,,False,5.0
2023-12-23,665941,7.0,,False,,False,7.0
2023-12-23,665948,5.0,,False,,False,5.0
2023-12-23,665952,6.0,,False,,False,6.0
2023-12-23,665954,4.5,1.0,True,,False,4.5
2023-12-23,665956,6.5,,False,,False,6.5
2023-12-23,665959,7.5,,False,,False,7.5
2023-12-23,665965,7.0,2.0,True,,False,7.0
2023-12-23,665971,5.0,,False,,False,5.0
2023-12-23,665978,4.0,,False,,False,4.0
2023-12-23,665983,6.5,,False,,False,6.5
2023-12-23,665986,5.0,,False,,False,5.0
2023-12-23,665987,8.0,,False,,False,8.0
2023-12-23,665989,6.0,,False,,False,6.0
2023-12-23,876837,8.0,,False,,False,8.0
2023-12-23,999012,4.0,,False,,False,4.0
2023-12-23,1031417,4.0,,False,,False,4.0
2023-12-23,1252106,4.0,,False,,False,4.0
2023-12-23,1305177,7.5,,False,,False,7.5
2023-12-23,1305178,8.0,,False,,False,8.0
2023-12-23,1397361,8.0,,False,,False,8.0
2023-12-23,1403169,6.5,,False,,False,6.5
2023-12-23,1422334,4.0,2.0,True,,False,4.0
2023-12-23,1661019,8.0,,False,,False,8.0
2023-12-23,1662112,7.0,1.0,True,,False,7.0
2023-12-24,665922,6.5,,False,,False,6.5
2023-12-24,665926,4.5,,False,,False,4.5
2023-12-24,665934,5.0,,False,,False,5.0
2023-12-24,665938,4.0,,False,,False,4.0
2023-12-24,665941,4.0,,False,,False,4.0
2023-12-24,665948,6.0,,False,,False,6.0
2023-12-24,665952,6.0,,False,,False,6.0
2023-12-24,665956,6.5,,False,,False,6.5
2023-12-24,665971,4.5,,False,,False,4.5
2023-12-24,665978,4.0,,False,,False,4.0
2023-12-24,665987,6.0,,False,,False,6.0
2023-12-24,876837,6.5,,False,,False,6.5
2023-12-24,1252106,4.0,,False,,False,4.0
2023-12-24,1305177,4.0,,False,,False,4.0
2023-12-24,1305178,4.0,,False,,False,4.0
2023-12-24,1397361,8.0,,False,,False,8.0
2023-12-24,1422334,4.0,2.0,True,,False,4.0
2023-12-24,1661019,5.5,,False,,False,5.5
2023-12-24,1662112,5.5,1.0,True,,False,5.5
2023-12-26,665917,8.0,1.0,True,,False,8.0
2023-12-26,665928,8.0,,False,,False,8.0
2023-12-26,665935,7.5,,False,,False,7.5
2023-12-26,665936,7.5,,False,,False,7.5
2023-12-26,665938,5.0,,False,,False,5.0
2023-12-26,665941,6.0,,False,,False,6.0
2023-12-26,665948,6.0,,False,,False,6.0
2023-12-26,665950,6.0,,False,,False,6.0
2023-12-26,665952,5.0,,False,,False,5.0
2023-12-26,665956,6.5,,False,,False,6.5
2023-12-26,665959,8.0,,False,,False,8.0
2023-12-26,665965,7.5,2.0,True,,False,7.5
2023-12-26,665986,7.5,,False,,False,7.5
2023-12-26,666001,5.0,,False,,False,5.0
2023-12-26,872680,5.0,,False,Enfermedad común,True,0.0
2023-12-26,876837,6.5,,False,,False,6.5
2023-12-26,999012,7.5,,False,,False,7.5
2023-12-26,1305177,7.5,,False,,False,7.5
2023-12-26,1397361,7.5,,False,,False,7.5
2023-12-26,1403169,4.0,,False,,False,4.0
2023-12-26,1422334,7.5,2.0,True,,False,7.5
2023-12-26,1529075,8.0,,False,,False,8.0
2023-12-27,665922,5.5,,False,,False,5.5
2023-12-27,665923,4.0,,False,,False,4.0
2023-12-27,665934,4.0,,False,,False,4.0
2023-12-27,665941,5.5,,False,,False,5.5
2023-12-27,665944,6.5,,False,,False,6.5
2023-12-27,665948,7.5,,False,,False,7.5
2023-12-27,665950,4.0,,False,,False,4.0
2023-12-27,665952,5.0,,False,,False,5.0
2023-12-27,665953,6.5,,False,,False,6.5
2023-12-27,665959,8.0,,False,,False,8.0
2023-12-27,665965,8.0,2.0,True,,False,8.0
2023-12-27,665971,5.0,,False,,False,5.0
2023-12-27,665978,5.0,,False,,False,5.0
2023-12-27,665986,7.5,,False,,False,7.5
2023-12-27,872680,5.5,,False,Enfermedad común,True,0.0
2023-12-27,989388,6.5,,False,,False,6.5
2023-12-27,999012,7.5,,False,,False,7.5
2023-12-27,1252106,4.0,,False,,False,4.0
2023-12-27,1305177,7.5,,False,,False,7.5
2023-12-27,1305178,5.0,,False,,False,5.0
2023-12-27,1397361,8.0,,False,,False,8.0
2023-12-27,1403169,5.0,,False,,False,5.0
2023-12-27,1529075,8.5,,False,,False,8.5
2023-12-28,665917,7.5,1.0,True,,False,7.5
2023-12-28,665934,5.0,,False,,False,5.0
2023-12-28,665936,6.5,,False,,False,6.5
2023-12-28,665938,4.0,,False,,False,4.0
2023-12-28,665941,7.5,,False,,False,7.5
2023-12-28,665944,7.5,,False,,False,7.5
2023-12-28,665948,7.5,,False,,False,7.5
2023-12-28,665952,6.5,,False,,False,6.5
2023-12-28,665954,5.5,,False,,False,5.5
2023-12-28,665978,5.0,,False,,False,5.0
2023-12-28,665979,7.5,,False,,False,7.5
2023-12-28,665986,5.5,,False,,False,5.5
2023-12-28,872680,5.0,,False,Enfermedad común,True,0.0
2023-12-28,989388,6.5,,False,,False,6.5
2023-12-28,1201829,7.5,2.0,True,,False,7.5
2023-12-28,1211253,7.0,,False,,False,7.0
2023-12-28,1305177,7.5,,False,,False,7.5
2023-12-28,1305178,5.0,,False,,False,5.0
2023-12-28,1397361,7.5,,False,,False,7.5
2023-12-28,1403169,4.0,,False,,False,4.0
2023-12-28,1422334,7.5,2.0,True,,False,7.5
2023-12-28,1529075,8.0,,False,,False,8.0
2023-12-29,665917,7.5,1.0,True,,False,7.5
2023-12-29,665923,4.0,,False,,False,4.0
2023-12-29,665928,5.0,,False,,False,5.0
2023-12-29,665935,8.0,,False,,False,8.0
2023-12-29,665938,4.5,,False,,False,4.5
2023-12-29,665950,5.0,,False,,False,5.0
2023-12-29,665953,7.5,,False,,False,7.5
2023-12-29,665954,7.5,,False,,False,7.5
2023-12-29,665959,7.5,,False,,False,7.5
2023-12-29,665971,5.0,,False,,False,5.0
2023-12-29,665979,6.5,,False,,False,6.5
2023-12-29,665986,8.0,,False,,False,8.0
2023-12-29,665989,4.0,,False,,False,4.0
2023-12-29,666001,6.5,,False,,False,6.5
2023-12-29,872680,6.5,,False,Enfermedad común,True,0.0
2023-12-29,876837,6.5,,False,,False,6.5
2023-12-29,1201829,7.5,2.0,True,,False,7.5
2023-12-29,1211253,7.5,,False,,False,7.5
2023-12-29,1252106,4.0,,False,,False,4.0
2023-12-29,1397361,7.5,,False,,False,7.5
2023-12-29,1403169,5.5,,False,,False,5.5
2023-12-29,1661019,5.0,,False,,False,5.0
2023-12-29,1662112,4.5,1.0,True,,False,4.5
2023-12-30,665917,7.5,1.0,True,Licencia sin sueldo,True,0.0
2023-12-30,665923,7.5,,False,,False,7.5
2023-12-30,665928,7.5,,False,,False,7.5
2023-12-30,665934,5.0,,False,,False,5.0
2023-12-30,665935,7.5,,False,,False,7.5
2023-12-30,665936,5.5,,False,,False,5.5
2023-12-30,665938,4.5,,False,,False,4.5
2023-12-30,665941,6.0,,False,,False,6.0
2023-12-30,665944,4.5,,False,,False,4.5
2023-12-30,665948,5.5,,False,,False,5.5
2023-12-30,665950,4.0,,False,,False,4.0
2023-12-30,665952,6.0,,False,,False,6.0
2023-12-30,665953,7.5,,False,,False,7.5
2023-12-30,665954,8.0,,False,,False,8.0
2023-12-30,665959,7.5,,False,,False,7.5
2023-12-30,665971,6.0,,False,,False,6.0
2023-12-30,665978,5.0,,False,,False,5.0
2023-12-30,665979,6.5,,False,,False,6.5
2023-12-30,665989,6.0,,False,,False,6.0
2023-12-30,666001,5.5,,False,,False,5.5
2023-12-30,876837,5.0,,False,,False,5.0
2023-12-30,989388,8.0,,False,,False,8.0
2023-12-30,999012,5.0,,False,,False,5.0
2023-12-30,1201829,8.0,2.0,True,,False,8.0
2023-12-30,1211253,4.0,,False,,False,4.0
2023-12-30,1252106,4.5,,False,,False,4.5
2023-12-30,1305177,8.0,,False,,False,8.0
2023-12-30,1305178,6.0,,False,,False,6.0
2023-12-30,1397361,7.5,,False,,False,7.5
2023-12-30,1661019,8.0,,False,,False,8.0
2023-12-30,1662112,8.5,1.0,True,,False,8.5
2023-12-31,665923,6.0,,False,,False,6.0
2023-12-31,665928,6.0,,False,,False,6.0
2023-12-31,665934,4.0,,False,,False,4.0
2023-12-31,665935,6.0,,False,,False,6.0
2023-12-31,665936,7.5,,False,,False,7.5
2023-12-31,665944,4.0,,False,,False,4.0
2023-12-31,665953,4.0,,False,,False,4.0
2023-12-31,665954,6.0,,False,,False,6.0
2023-12-31,665965,8.0,,False,,False,8.0
2023-12-31,665978,6.0,,False,,False,6.0
2023-12-31,665979,5.0,,False,,False,5.0
2023-12-31,666001,7.0,,False,,False,7.0
2023-12-31,989388,6.0,,False,,False,6.0
2023-12-31,999012,7.5,,False,,False,7.5
2023-12-31,1201829,7.0,,False,,False,7.0
2023-12-31,1211253,4.0,,False,,False,4.0
2023-12-31,1252106,4.5,,False,,False,4.5
2023-12-31,1305178,6.0,,False,,False,6.0
2023-12-31,1397361,8.0,,False,,False,8.0
2024-01-02,665917,7.5,1.0,True,,False,7.5
2024-01-02,665922,6.5,,False,,False,6.5
2024-01-02,665923,8.0,,False,,False,8.0
2024-01-02,665926,5.0,,False,,False,5.0
2024-01-02,665928,5.0,,False,,False,5.0
2024-01-02,665934,5.0,,False,,False,5.0
2024-01-02,665935,8.0,,False,,False,8.0
2024-01-02,665936,8.0,,False,,False,8.0
2024-01-02,665938,7.5,,False,,False,7.5
2024-01-02,665941,7.5,,False,,False,7.5
2024-01-02,665952,7.5,,False,,False,7.5
2024-01-02,665953,7.5,,False,,False,7.5
2024-01-02,665954,7.5,,False,,False,7.5
2024-01-02,665956,8.5,,False,,False,8.5
2024-01-02,665959,7.5,,False,,False,7.5
2024-01-02,665965,8.0,,False,,False,8.0
2024-01-02,665978,7.5,,False,,False,7.5
2024-01-02,665979,8.0,,False,,False,8.0
2024-01-02,665986,6.5,,False,,False,6.5
2024-01-02,665987,7.0,,False,,False,7.0
2024-01-02,665989,4.0,,False,,False,4.0
2024-01-02,989388,7.5,,False,,False,7.5
2024-01-02,999012,7.5,,False,,False,7.5
2024-01-02,1031417,8.0,,False,,False,8.0
2024-01-02,1048036,7.5,1.0,True,,False,7.5
2024-01-02,1201829,8.0,,False,,False,8.0
2024-01-02,1211253,8.0,,False,,False,8.0
2024-01-02,1252106,6.0,,False,,False,6.0
2024-01-02,1305177,6.0,,False,,False,6.0
2024-01-02,1305178,6.0,,False,,False,6.0
2024-01-02,1422333,6.5,2.0,True,,False,6.5
2024-01-02,1529075,9.0,,False,,False,9.0
2024-01-02,1727011,8.0,,False,,False,8.0
2024-01-02,1757666,7.5,,False,,False,7.5
2024-01-02,1770558,7.5,,False,,False,7.5
2024-01-03,665917,6.5,1.0,True,,False,6.5
2024-01-03,665923,4.5,,False,,False,4.5
2024-01-03,665926,4.0,,False,,False,4.0
2024-01-03,665928,4.0,,False,,False,4.0
2024-01-03,665935,7.5,,False,,False,7.5
2024-01-03,665936,7.5,,False,,False,7.5
2024-01-03,665938,5.5,,False,,False,5.5
2024-01-03,665941,6.0,,False,,False,6.0
2024-01-03,665952,5.0,,False,,False,5.0
2024-01-03,665953,4.0,,False,,False,4.0
2024-01-03,665954,6.0,,False,,False,6.0
2024-01-03,665956,8.0,,False,,False,8.0
2024-01-03,665958,5.5,,False,,False,5.5
2024-01-03,665965,7.0,,False,,False,7.0
2024-01-03,665971,5.0,,False,,False,5.0
2024-01-03,665978,7.5,,False,,False,7.5
2024-01-03,665979,6.5,,False,,False,6.5
2024-01-03,665983,5.5,,False,,False,5.5
2024-01-03,665987,6.5,,False,,False,6.5
2024-01-03,919208,4.0,,False,,False,4.0
2024-01-03,989388,3.5,,False,,False,3.5
2024-01-03,1031417,8.0,,False,,False,8.0
2024-01-03,1048036,5.0,1.0,True,,False,5.0
2024-01-03,1201829,7.0,,False,,False,7.0
2024-01-03,1211253,4.5,,False,,False,4.5
2024-01-03,1252106,6.5,,False,,False,6.5
2024-01-03,1305177,7.5,,False,,False,7.5
2024-01-03,1305178,5.0,,False,,False,5.0
2024-01-03,1529075,7.5,,False,,False,7.5
2024-01-03,1727011,8.0,,False,,False,8.0
2024-01-03,1770558,4.0,,False,,False,4.0
2024-01-04,665922,4.0,,False,,False,4.0
2024-01-04,665923,4.5,,False,,False,4.5
2024-01-04,665934,4.0,,False,,False,4.0
2024-01-04,665935,7.5,,False,,False,7.5
2024-01-04,665938,6.5,,False,,False,6.5
2024-01-04,665941,4.0,,False,,False,4.0
2024-01-04,665953,5.0,,False,,False,5.0
2024-01-04,665954,7.0,,False,,False,7.0
2024-01-04,665958,4.5,,False,,False,4.5
2024-01-04,665959,8.0,,False,,False,8.0
2024-01-04,665965,7.5,,False,,False,7.5
2024-01-04,665978,5.5,,False,,False,5.5
2024-01-04,665979,7.0,,False,,False,7.0
2024-01-04,665983,5.5,,False,,False,5.5
2024-01-04,665986,4.0,,False,,False,4.0
2024-01-04,665987,6.5,,False,,False,6.5
2024-01-04,665997,7.0,,False,,False,7.0
2024-01-04,876837,5.0,,False,,False,5.0
2024-01-04,919208,4.0,,False,,False,4.0
2024-01-04,989388,7.5,,False,,False,7.5
2024-01-04,999012,5.0,,False,,False,5.0
2024-01-04,1031417,7.0,,False,,False,7.0
2024-01-04,1048036,6.0,1.0,True,,False,6.0
2024-01-04,1252106,8.0,,False,,False,8.0
2024-01-04,1305177,4.0,,False,,False,4.0
2024-01-04,1305178,4.5,,False,,False,4.5
2024-01-04,1422333,7.5,2.0,True,,False,7.5
2024-01-04,1529075,8.5,,False,,False,8.5
2024-01-04,1757666,5.0,,False,,False,5.0
2024-01-04,1770558,7.5,,False,,False,7.5
2024-01-05,665917,6.5,1.0,True,,False,6.5
2024-01-05,665922,4.0,,False,,False,4.0
2024-01-05,665923,4.0,,False,,False,4.0
2024-01-05,665926,4.5,,False,,False,4.5
2024-01-05,665928,7.0,,False,,False,7.0
2024-01-05,665934,4.0,,False,,False,4.0
2024-01-05,665935,7.5,,False,,False,7.5
2024-01-05,665936,6.5,,False,,False,6.5
2024-01-05,665941,5.5,,False,,False,5.5
2024-01-05,665948,6.0,,False,,False,6.0
2024-01-05,665952,5.0,,False,,False,5.0
2024-01-05,665953,6.0,,False,,False,6.0
2024-01-05,665954,7.5,,False,,False,7.5
2024-01-05,665956,7.0,,False,,False,7.0
2024-01-05,665958,6.0,,False,,False,6.0
2024-01-05,665959,8.0,,False,,False,8.0
2024-01-05,665965,4.0,,False,,False,4.0
2024-01-05,665971,6.0,,False,,False,6.0
2024-01-05,665979,7.0,,False,,False,7.0
2024-01-05,665983,7.0,,False,,False,7.0
2024-01-05,665986,5.0,,False,,False,5.0
2024-01-05,665989,6.0,,False,,False,6.0
2024-01-05,665997,4.0,,False,,False,4.0
2024-01-05,876837,6.0,,False,,False,6.0
2024-01-05,919208,4.5,,False,,False,4.5
2024-01-05,989388,7.5,,False,,False,7.5
2024-01-05,999012,5.0,,False,,False,5.0
2024-01-05,1031417,7.0,,False,,False,7.0
2024-01-05,1048036,6.0,1.0,True,,False,6.0
2024-01-05,1201829,8.0,,False,,False,8.0
2024-01-05,1204965,5.0,1.0,True,,False,5.0
2024-01-05,1211253,4.0,,False,,False,4.0
2024-01-05,1422333,7.5,2.0,True,,False,7.5
2024-01-05,1529075,7.5,,False,,False,7.5
2024-01-05,1661019,5.0,,False,,False,5.0
2024-01-05,1662112,7.5,1.0,True,,False,7.5
2024-01-05,1727011,4.0,,False,,False,4.0
2024-01-05,1757666,4.0,,False,,False,4.0
2024-01-05,1770558,6.0,,False,,False,6.0
2024-01-05,1783676,7.5,,False,,False,7.5
2024-01-07,665926,6.5,,False,,False,6.5
2024-01-07,665928,7.0,,False,,False,7.0
2024-01-07,665934,7.5,,False,,False,7.5
2024-01-07,665938,5.0,,False,,False,5.0
2024-01-07,665948,4.5,,False,,False,4.5
2024-01-07,665950,4.0,,False,,False,4.0
2024-01-07,665952,4.5,,False,,False,4.5
2024-01-07,665956,6.5,,False,,False,6.5
2024-01-07,665971,5.5,,False,,False,5.5
2024-01-07,665986,4.5,,False,,False,4.5
2024-01-07,665987,5.5,,False,,False,5.5
2024-01-07,665989,7.5,,False,,False,7.5
2024-01-07,665997,7.0,,False,,False,7.0
2024-01-07,876837,4.0,,False,,False,4.0
2024-01-07,919208,4.0,,False,,False,4.0
2024-01-07,989388,6.0,,False,,False,6.0
2024-01-07,999012,4.0,,False,,False,4.0
2024-01-07,1048036,5.5,1.0,True,,False,5.5
2024-01-07,1201829,7.0,,False,,False,7.0
2024-01-07,1204965,8.0,,False,,False,8.0
2024-01-07,1211253,7.0,,False,,False,7.0
2024-01-07,1305178,4.0,,False,,False,4.0
2024-01-07,1403169,4.5,,False,,False,4.5
2024-01-07,1422333,8.0,2.0,True,,False,8.0
2024-01-07,1661019,8.0,,False,,False,8.0
2024-01-07,1662112,8.0,1.0,True,,False,8.0
2024-01-07,1727011,8.0,,False,,False,8.0
2024-01-07,1757666,6.0,,False,,False,6.0
2024-01-07,1783676,8.0,,False,,False,8.0
2024-01-08,665926,4.5,,False,,False,4.5
2024-01-08,665928,4.0,,False,,False,4.0
2024-01-08,665934,4.0,,False,,False,4.0
2024-01-08,665935,7.5,,False,,False,7.5
2024-01-08,665936,6.0,,False,,False,6.0
2024-01-08,665938,5.0,,False,,False,5.0
2024-01-08,665941,4.0,,False,,False,4.0
2024-01-08,665948,4.0,,False,,False,4.0
2024-01-08,665950,5.0,,False,,False,5.0
2024-01-08,665952,4.0,,False,,False,4.0
2024-01-08,665953,4.0,,False,,False,4.0
2024-01-08,665954,4.0,,False,,False,4.0
2024-01-08,665958,4.0,,False,,False,4.0
2024-01-08,665959,8.0,,False,,False,8.0
2024-01-08,665965,7.5,,False,,False,7.5
2024-01-08,665971,6.0,,False,,False,6.0
2024-01-08,665978,4.5,,False,,False,4.5
2024-01-08,665979,7.5,,False,,False,7.5
2024-01-08,665983,4.0,,False,,False,4.0
2024-01-08,665986,4.0,,False,,False,4.0
2024-01-08,665987,4.0,,False,,False,4.0
2024-01-08,665997,8.0,,False,,False,8.0
2024-01-08,876837,4.0,,False,,False,4.0
2024-01-08,989388,4.0,,False,,False,4.0
2024-01-08,1031417,7.5,,False,,False,7.5
2024-01-08,1201829,7.5,,False,,False,7.5
2024-01-08,1211253,5.5,,False,,False,5.5
2024-01-08,1252106,5.0,,False,,False,5.0
2024-01-08,1305177,6.5,,False,,False,6.5
2024-01-08,1403169,6.5,,False,,False,6.5
2024-01-08,1422333,5.0,2.0,True,,False,5.0
2024-01-08,1529075,8.0,,False,,False,8.0
2024-01-08,1727011,4.0,,False,,False,4.0
2024-01-08,1757666,4.5,,False,,False,4.5
2024-01-09,665917,7.5,1.0,True,,False,7.5
2024-01-09,665923,4.0,,False,,False,4.0
2024-01-09,665928,4.0,,False,,False,4.0
2024-01-09,665934,5.0,,False,,False,5.0
2024-01-09,665935,7.5,,False,,False,7.5
2024-01-09,665936,6.5,,False,,False,6.5
2024-01-09,665948,4.0,,False,,False,4.0
2024-01-09,665950,5.0,,False,,False,5.0
2024-01-09,665953,7.0,,False,,False,7.0
2024-01-09,665956,4.0,,False,,False,4.0
2024-01-09,665958,4.0,,False,,False,4.0
2024-01-09,665959,8.0,,False,,False,8.0
2024-01-09,665965,7.5,,False,,False,7.5
2024-01-09,665978,4.0,,False,,False,4.0
2024-01-09,665979,7.5,,False,,False,7.5
2024-01-09,665983,4.0,,False,,False,4.0
2024-01-09,665986,6.0,,False,,False,6.0
2024-01-09,665989,4.0,,False,,False,4.0
2024-01-09,876837,6.5,,False,,False,6.5
2024-01-09,919208,5.5,,False,,False,5.5
2024-01-09,1031417,4.5,,False,,False,4.5
2024-01-09,1048036,5.5,1.0,True,,False,5.5
2024-01-09,1201829,6.5,,False,,False,6.5
2024-01-09,1252106,7.0,,False,,False,7.0
2024-01-09,1305178,5.0,2.0,True,,False,5.0
2024-01-09,1403169,4.0,,False,,False,4.0
2024-01-09,1422333,7.5,2.0,True,,False,7.5
2024-01-09,1529075,7.0,,False,,False,7.0
2024-01-09,1757666,4.0,,False,,False,4.0
2024-01-09,1770558,4.5,,False,,False,4.5
2024-01-10,665922,6.5,,False,,False,6.5
2024-01-10,665923,4.5,,False,,False,4.5
2024-01-10,665926,4.5,,False,,False,4.5
2024-01-10,665928,5.5,,False,,False,5.5
2024-01-10,665935,7.5,,False,,False,7.5
2024-01-10,665936,6.5,,False,,False,6.5
2024-01-10,665938,4.0,,False,,False,4.0
2024-01-10,665948,4.0,,False,,False,4.0
2024-01-10,665950,4.0,,False,,False,4.0
2024-01-10,665953,6.5,,False,,False,6.5
2024-01-10,665954,6.0,,False,,False,6.0
2024-01-10,665958,4.0,,False,,False,4.0
2024-01-10,665965,7.5,,False,,False,7.5
2024-01-10,665971,5.0,,False,,False,5.0
2024-01-10,665979,6.5,,False,,False,6.5
2024-01-10,665987,6.5,,False,,False,6.5
2024-01-10,665989,4.0,,False,,False,4.0
2024-01-10,665997,5.5,,False,,False,5.5
2024-01-10,919208,4.0,,False,,False,4.0
2024-01-10,989388,4.0,,False,,False,4.0
2024-01-10,999012,4.0,,False,,False,4.0
2024-01-10,1048036,6.0,1.0,True,,False,6.0
2024-01-10,1201829,7.0,,False,,False,7.0
2024-01-10,1252106,7.0,,False,,False,7.0
2024-01-10,1305177,5.0,,False,,False,5.0
2024-01-10,1305178,4.0,2.0,True,,False,4.0
2024-01-10,1422333,6.0,2.0,True,,False,6.0
2024-01-10,1529075,8.0,,False,,False,8.0
2024-01-10,1727011,4.0,,False,,False,4.0
2024-01-10,1757666,4.0,,False,,False,4.0
2024-01-11,665917,7.5,1.0,True,,False,7.5
2024-01-11,665922,6.0,,False,,False,6.0
2024-01-11,665923,5.0,,False,,False,5.0
2024-01-11,665926,4.5,,False,,False,4.5
2024-01-11,665928,4.0,,False,,False,4.0
2024-01-11,665934,5.0,,False,,False,5.0
2024-01-11,665938,5.0,,False,,False,5.0
2024-01-11,665941,4.5,,False,,False,4.5
2024-01-11,665952,4.0,,False,,False,4.0
2024-01-11,665954,7.0,,False,,False,7.0
2024-01-11,665956,6.5,,False,,False,6.5
2024-01-11,665958,5.5,,False,,False,5.5
2024-01-11,665959,7.5,,False,,False,7.5
2024-01-11,665978,4.5,,False,,False,4.5
2024-01-11,665979,6.5,,False,,False,6.5
2024-01-11,665983,4.5,,False,,False,4.5
2024-01-11,665986,6.5,,False,,False,6.5
2024-01-11,665989,4.5,,False,,False,4.5
2024-01-11,665997,7.5,,False,,False,7.5
2024-01-11,876837,7.5,,False,,False,7.5
2024-01-11,999012,6.0,,False,,False,6.0
2024-01-11,1031417,6.0,,False,,False,6.0
2024-01-11,1211253,4.0,,False,,False,4.0
2024-01-11,1252106,6.5,,False,,False,6.5
2024-01-11,1305177,4.5,,False,,False,4.5
2024-01-11,1403169,4.0,,False,,False,4.0
2024-01-11,1529075,8.0,,False,,False,8.0
2024-01-11,1727011,4.5,,False,,False,4.5
2024-01-11,1770558,6.5,,False,,False,6.5
2024-01-12,665917,7.5,1.0,True,,False,7.5
2024-01-12,665922,4.0,,False,,False,4.0
2024-01-12,665923,5.5,,False,,False,5.5
2024-01-12,665928,7.5,,False,,False,7.5
2024-01-12,665934,4.0,,False,,False,4.0
2024-01-12,665935,8.0,,False,,False,8.0
2024-01-12,665936,6.0,,False,,False,6.0
2024-01-12,665938,4.0,,False,,False,4.0
2024-01-12,665941,4.5,,False,,False,4.5
2024-01-12,665948,4.0,,False,,False,4.0
2024-01-12,665950,5.0,,False,,False,5.0
2024-01-12,665952,5.0,,False,,False,5.0
2024-01-12,665954,6.0,,False,,False,6.0
2024-01-12,665956,7.5,,False,,False,7.5
2024-01-12,665959,7.5,,False,,False,7.5
2024-01-12,665965,7.0,,False,,False,7.0
2024-01-12,665971,5.0,,False,,False,5.0
2024-01-12,665978,4.0,,False,,False,4.0
2024-01-12,665983,4.0,,False,,False,4.0
2024-01-12,665987,6.5,,False,,False,6.5
2024-01-12,665989,4.0,,False,,False,4.0
2024-01-12,919208,4.0,,False,,False,4.0
2024-01-12,999012,4.5,,False,,False,4.5
2024-01-12,1031417,7.0,,False,,False,7.0
2024-01-12,1201829,8.0,,False,,False,8.0
2024-01-12,1211253,8.0,,False,,False,8.0
2024-01-12,1305177,4.5,,False,,False,4.5
2024-01-12,1305178,5.0,2.0,True,,False,5.0
2024-01-12,1403169,6.0,,False,,False,6.0
2024-01-12,1661019,6.0,,False,,False,6.0
2024-01-12,1727011,4.0,,False,,False,4.0
2024-01-12,1757666,7.5,,False,,False,7.5
2024-01-12,1770558,6.0,,False,,False,6.0
2024-01-12,1783676,5.0,,False,,False,5.0
2024-01-13,665917,8.0,1.0,True,,False,8.0
2024-01-13,665922,7.5,,False,,False,7.5
2024-01-13,665923,4.0,,False,,False,4.0
2024-01-13,665926,4.5,,False,,False,4.5
2024-01-13,665934,4.0,,False,,False,4.0
2024-01-13,665935,8.0,,False,,False,8.0
2024-01-13,665938,8.0,,False,,False,8.0
2024-01-13,665941,6.5,,False,,False,6.5
2024-01-13,665948,8.0,,False,,False,8.0
2024-01-13,665950,4.0,,False,,False,4.0
2024-01-13,665952,8.0,,False,,False,8.0
2024-01-13,665953,6.5,,False,,False,6.5
2024-01-13,665956,7.5,,False,,False,7.5
2024-01-13,665958,5.0,,False,,False,5.0
2024-01-13,665959,7.5,,False,,False,7.5
2024-01-13,665965,7.0,,False,,False,7.0
2024-01-13,665971,5.5,,False,,False,5.5
2024-01-13,665978,4.5,,False,,False,4.5
2024-01-13,665979,6.0,,False,,False,6.0
2024-01-13,665983,6.5,,False,,False,6.5
2024-01-13,665987,7.5,,False,,False,7.5
2024-01-13,665989,5.0,,False,,False,5.0
2024-01-13,665997,5.5,,False,Enfermedad común,True,0.0
2024-01-13,876837,8.0,,False,,False,8.0
2024-01-13,919208,4.0,,False,,False,4.0
2024-01-13,999012,8.0,,False,,False,8.0
2024-01-13,1031417,6.5,,False,,False,6.5
2024-01-13,1201829,4.0,,False,,False,4.0
2024-01-13,1211253,5.5,,False,,False,5.5
2024-01-13,1252106,7.5,,False,,False,7.5
2024-01-13,1305177,8.0,,False,,False,8.0
2024-01-13,1403169,4.5,,False,,False,4.5
2024-01-13,1529075,7.0,,False,,False,7.0
2024-01-13,1661019,8.0,,False,,False,8.0
2024-01-13,1662112,8.0,1.0,True,,False,8.0
2024-01-13,1727011,4.0,,False,,False,4.0
2024-01-13,1757666,4.5,,False,,False,4.5
2024-01-13,1770558,8.0,,False,,False,8.0
2024-01-13,1783676,8.0,,False,,False,8.0
2024-01-15,665922,4.0,,False,,False,4.0
2024-01-15,665926,4.5,,False,,False,4.5
2024-01-15,665928,4.0,,False,,False,4.0
2024-01-15,665934,4.0,,False,,False,4.0
2024-01-15,665935,9.0,,False,,False,9.0
2024-01-15,665936,4.0,,False,,False,4.0
2024-01-15,665938,4.0,,False,,False,4.0
2024-01-15,665941,5.0,,False,,False,5.0
2024-01-15,665948,4.0,,False,,False,4.0
2024-01-15,665950,4.0,,False,,False,4.0
2024-01-15,665952,4.5,,False,,False,4.5
2024-01-15,665954,6.0,,False,,False,6.0
2024-01-15,665956,7.0,,False,,False,7.0
2024-01-15,665959,7.5,,False,,False,7.5
2024-01-15,665965,7.5,,False,,False,7.5
2024-01-15,665971,6.0,,False,,False,6.0
2024-01-15,665979,7.5,,False,,False,7.5
2024-01-15,665983,4.0,,False,,False,4.0
2024-01-15,665986,5.0,,False,,False,5.0
2024-01-15,665987,5.5,,False,,False,5.5
2024-01-15,665989,4.0,,False,,False,4.0
2024-01-15,665997,7.0,,False,Enfermedad común,True,0.0
2024-01-15,989388,5.0,,False,,False,5.0
2024-01-15,999012,4.0,,False,,False,4.0
2024-01-15,1031417,7.0,,False,,False,7.0
2024-01-15,1252106,3.5,,False,,False,3.5
2024-01-15,1305178,5.0,,False,,False,5.0
2024-01-15,1403169,4.0,,False,,False,4.0
2024-01-15,1757666,8.0,,False,,False,8.0
2024-01-16,665917,6.5,1.0,True,,False,6.5
2024-01-16,665922,6.5,,False,,False,6.5
2024-01-16,665923,4.0,,False,,False,4.0
2024-01-16,665926,4.5,,False,,False,4.5
2024-01-16,665934,4.0,,False,,False,4.0
2024-01-16,665935,8.0,,False,,False,8.0
2024-01-16,665936,6.5,,False,,False,6.5
2024-01-16,665948,6.5,,False,,False,6.5
2024-01-16,665950,4.0,,False,,False,4.0
2024-01-16,665953,4.0,,False,,False,4.0
2024-01-16,665956,7.0,,False,,False,7.0
2024-01-16,665959,7.5,,False,,False,7.5
2024-01-16,665978,4.5,,False,,False,4.5
2024-01-16,665979,6.5,,False,,False,6.5
2024-01-16,665983,4.0,,False,,False,4.0
2024-01-16,665987,6.5,,False,,False,6.5
2024-01-16,665997,7.5,,False,Enfermedad común,True,0.0
2024-01-16,876837,4.0,,False,,False,4.0
2024-01-16,919208,7.5,,False,,False,7.5
2024-01-16,989388,5.0,,False,,False,5.0
2024-01-16,999012,4.5,,False,,False,4.5
2024-01-16,1201829,8.0,,False,,False,8.0
2024-01-16,1252106,5.5,,False,,False,5.5
2024-01-16,1305177,6.0,,False,,False,6.0
2024-01-16,1403169,4.0,,False,,False,4.0
2024-01-16,1529075,8.0,,False,Vacaciones,True,0.0
2024-01-16,1757666,5.0,,False,,False,5.0
2024-01-16,1770558,4.0,,False,,False,4.0
2024-01-17,665917,5.5,1.0,True,,False,5.5
2024-01-17,665923,7.0,,False,,False,7.0
2024-01-17,665928,5.0,,False,,False,5.0
2024-01-17,665935,8.0,,False,,False,8.0
2024-01-17,665948,4.5,,False,,False,4.5
2024-01-17,665950,4.0,,False,,False,4.0
2024-01-17,665952,6.5,,False,,False,6.5
2024-01-17,665953,4.0,,False,,False,4.0
2024-01-17,665954,6.0,,False,,False,6.0
2024-01-17,665958,4.0,,False,,False,4.0
2024-01-17,665959,7.5,,False,,False,7.5
2024-01-17,665965,7.5,,False,,False,7.5
2024-01-17,665971,5.0,,False,,False,5.0
2024-01-17,665983,4.0,,False,,False,4.0
2024-01-17,665986,6.5,,False,,False,6.5
2024-01-17,665987,6.0,,False,,False,6.0
2024-01-17,665989,4.0,,False,,False,4.0
2024-01-17,665997,6.5,,False,Enfermedad común,True,0.0
2024-01-17,876837,4.0,,False,,False,4.0
2024-01-17,919208,4.0,,False,,False,4.0
2024-01-17,1031417,8.0,,False,,False,8.0
2024-01-17,1201829,7.0,,False,,False,7.0
2024-01-17,1252106,7.5,,False,,False,7.5
2024-01-17,1305178,5.0,,False,,False,5.0
2024-01-17,1757666,5.0,,False,,False,5.0
2024-01-17,1770558,4.0,,False,,False,4.0
2024-01-18,665917,4.0,1.0,True,,False,4.0
2024-01-18,665923,4.0,,False,,False,4.0
2024-01-18,665926,4.5,,False,,False,4.5
2024-01-18,665934,4.0,,False,,False,4.0
2024-01-18,665936,7.5,,False,,False,7.5
2024-01-18,665938,4.0,,False,,False,4.0
2024-01-18,665941,5.0,,False,,False,5.0
2024-01-18,665948,4.0,,False,,False,4.0
2024-01-18,665950,4.0,,False,,False,4.0
2024-01-18,665952,6.5,,False,,False,6.5
2024-01-18,665953,4.0,,False,,False,4.0
2024-01-18,665954,6.0,,False,,False,6.0
2024-01-18,665956,6.5,,False,,False,6.5
2024-01-18,665958,4.0,,False,,False,4.0
2024-01-18,665959,7.5,,False,,False,7.5
2024-01-18,665978,7.0,,False,,False,7.0
2024-01-18,665979,7.5,,False,,False,7.5
2024-01-18,665986,4.0,,False,,False,4.0
2024-01-18,665989,4.0,,False,,False,4.0
2024-01-18,665997,7.5,,False,Enfermedad común,True,0.0
2024-01-18,876837,4.0,,False,,False,4.0
2024-01-18,989388,4.0,,False,,False,4.0
2024-01-18,999012,5.0,,False,,False,5.0
2024-01-18,1031417,4.5,,False,,False,4.5
2024-01-18,1252106,8.0,,False,,False,8.0
2024-01-18,1305177,6.5,,False,,False,6.5
2024-01-18,1305178,4.0,,False,,False,4.0
2024-01-18,1403169,4.0,,False,,False,4.0
2024-01-18,1529075,8.0,,False,,False,8.0
2024-01-18,1770558,5.0,,False,,False,5.0
2024-01-19,665917,5.0,1.0,True,,False,5.0
2024-01-19,665922,4.0,,False,,False,4.0
2024-01-19,665923,4.0,,False,,False,4.0
2024-01-19,665928,6.5,,False,,False,6.5
2024-01-19,665934,4.0,,False,,False,4.0
2024-01-19,665935,7.5,,False,,False,7.5
2024-01-19,665936,4.0,,False,,False,4.0
2024-01-19,665938,4.0,,False,,False,4.0
2024-01-19,665941,4.0,,False,,False,4.0
2024-01-19,665950,5.0,,False,,False,5.0
2024-01-19,665952,6.5,,False,,False,6.5
2024-01-19,665953,5.0,,False,,False,5.0
2024-01-19,665954,6.0,,False,,False,6.0
2024-01-19,665958,4.0,,False,,False,4.0
2024-01-19,665959,8.0,,False,,False,8.0
2024-01-19,665965,8.0,,False,,False,8.0
2024-01-19,665971,6.0,,False,,False,6.0
2024-01-19,665978,7.5,,False,,False,7.5
2024-01-19,665979,6.5,,False,,False,6.5
2024-01-19,665983,5.0,,False,,False,5.0
2024-01-19,665986,4.0,,False,,False,4.0
2024-01-19,665987,5.5,,False,,False,5.5
2024-01-19,919208,4.0,,False,,False,4.0
2024-01-19,989388,6.5,,False,,False,6.5
2024-01-19,1031417,4.0,,False,,False,4.0
2024-01-19,1201829,6.5,,False,,False,6.5
2024-01-19,1252106,5.5,,False,,False,5.5
2024-01-19,1305177,4.0,,False,,False,4.0
2024-01-19,1305178,4.0,,False,,False,4.0
2024-01-19,1403169,6.0,,False,,False,6.0
2024-01-19,1661019,6.0,,False,,False,6.0
2024-01-19,1662112,5.0,1.0,True,,False,5.0
2024-01-19,1783676,5.0,,False,,False,5.0
2024-01-20,665917,6.5,1.0,True,,False,6.5
2024-01-20,665923,5.5,,False,,False,5.5
2024-01-20,665926,6.5,,False,,False,6.5
2024-01-20,665928,4.0,,False,,False,4.0
2024-01-20,665935,7.5,,False,,False,7.5
2024-01-20,665936,8.0,,False,,False,8.0
2024-01-20,665938,6.0,,False,,False,6.0
2024-01-20,665941,8.0,,False,,False,8.0
2024-01-20,665948,8.0,,False,,False,8.0
2024-01-20,665950,5.0,,False,,False,5.0
2024-01-20,665952,7.5,,False,,False,7.5
2024-01-20,665953,8.0,,False,,False,8.0
2024-01-20,665954,8.0,,False,,False,8.0
2024-01-20,665956,7.5,,False,,False,7.5
2024-01-20,665965,4.0,,False,,False,4.0
2024-01-20,665978,7.0,,False,,False,7.0
2024-01-20,665979,7.5,,False,,False,7.5
2024-01-20,665983,6.5,,False,,False,6.5
2024-01-20,665986,8.0,,False,,False,8.0
2024-01-20,665987,8.0,,False,,False,8.0
2024-01-20,665997,4.5,,False,Enfermedad común,True,0.0
2024-01-20,919208,4.5,,False,,False,4.5
2024-01-20,989388,7.0,,False,,False,7.0
2024-01-20,1031417,6.0,,False,,False,6.0
2024-01-20,1201829,6.5,,False,,False,6.5
2024-01-20,1305178,8.0,,False,,False,8.0
2024-01-20,1403169,6.0,,False,,False,6.0
2024-01-20,1661019,8.0,,False,,False,8.0
2024-01-20,1662112,8.0,1.0,True,,False,8.0
2024-01-20,1757666,5.0,,False,,False,5.0
2024-01-20,1770558,7.5,,False,,False,7.5
2024-01-20,1783676,8.0,,False,,False,8.0
2024-01-22,665917,7.5,1.0,True,,False,7.5
2024-01-22,665922,6.5,,False,,False,6.5
2024-01-22,665935,7.5,,False,,False,7.5
2024-01-22,665936,6.0,,False,,False,6.0
2024-01-22,665938,4.5,,False,,False,4.5
2024-01-22,665948,4.5,,False,,False,4.5
2024-01-22,665950,5.0,,False,,False,5.0
2024-01-22,665952,6.0,,False,,False,6.0
2024-01-22,665954,6.0,,False,,False,6.0
2024-01-22,665959,8.0,,False,,False,8.0
2024-01-22,665971,4.5,,False,,False,4.5
2024-01-22,665986,4.0,,False,,False,4.0
2024-01-22,876837,6.5,,False,,False,6.5
2024-01-22,999012,4.0,,False,,False,4.0
2024-01-22,1305177,6.5,,False,,False,6.5
2024-01-22,1305178,4.0,,False,,False,4.0
2024-01-22,1403169,6.5,,False,,False,6.5
2024-01-23,665917,6.5,1.0,True,,False,6.5
2024-01-23,665935,7.5,,False,,False,7.5
2024-01-23,665936,6.5,,False,,False,6.5
2024-01-23,665938,6.0,,False,,False,6.0
2024-01-23,665941,5.5,,False,,False,5.5
2024-01-23,665950,6.0,,False,,False,6.0
2024-01-23,665953,4.0,,False,,False,4.0
2024-01-23,665958,6.5,,False,,False,6.5
2024-01-23,665959,8.0,,False,,False,8.0
2024-01-23,665986,5.0,,False,,False,5.0
2024-01-23,665987,4.0,,False,,False,4.0
2024-01-23,665989,4.0,,False,,False,4.0
2024-01-23,876837,6.5,,False,,False,6.5
2024-01-23,989388,4.0,,False,,False,4.0
2024-01-23,999012,5.0,,False,,False,5.0
2024-01-23,1305178,5.0,,False,,False,5.0
2024-01-23,1403169,4.0,,False,,False,4.0
2024-01-24,665917,7.0,1.0,True,,False,7.0
2024-01-24,665922,6.0,,False,,False,6.0
2024-01-24,665935,7.5,,False,,False,7.5
2024-01-24,665936,6.0,,False,,False,6.0
2024-01-24,665938,4.0,,False,,False,4.0
2024-01-24,665941,4.0,,False,,False,4.0
2024-01-24,665948,4.0,,False,,False,4.0
2024-01-24,665950,4.0,,False,,False,4.0
2024-01-24,665952,7.5,,False,,False,7.5
2024-01-24,665954,6.0,,False,Permiso por acontecimiento de parientes (2º grado),True,0.0
2024-01-24,665958,4.0,,False,,False,4.0
2024-01-24,665959,8.0,,False,,False,8.0
2024-01-24,665971,5.0,,False,,False,5.0
2024-01-24,665989,4.5,,False,,False,4.5
2024-01-24,989388,6.5,,False,,False,6.5
2024-01-24,1305177,4.0,,False,,False,4.0
2024-01-24,1305178,4.0,,False,,False,4.0
2024-01-24,1770558,4.5,,False,,False,4.5
2024-01-25,665922,4.0,,False,,False,4.0
2024-01-25,665936,6.5,,False,,False,6.5
2024-01-25,665941,7.5,,False,,False,7.5
2024-01-25,665948,4.5,,False,,False,4.5
2024-01-25,665953,4.0,,False,,False,4.0
2024-01-25,665954,6.0,,False,Permiso por acontecimiento de parientes (2º grado),True,0.0
2024-01-25,665958,6.0,,False,,False,6.0
2024-01-25,665983,4.5,,False,,False,4.5
2024-01-25,665986,6.0,,False,,False,6.0
2024-01-25,665987,7.5,,False,,False,7.5
2024-01-25,665989,6.0,,False,,False,6.0
2024-01-25,876837,6.5,,False,,False,6.5
2024-01-25,989388,4.0,,False,,False,4.0
2024-01-25,999012,6.0,,False,,False,6.0
2024-01-25,1305177,5.0,,False,,False,5.0
2024-01-25,1403169,4.0,,False,,False,4.0
2024-01-25,1770558,7.0,,False,,False,7.0
2024-01-26,665917,6.5,1.0,True,,False,6.5
2024-01-26,665922,6.5,,False,,False,6.5
2024-01-26,665935,8.0,,False,Fallecimiento de parientes (2º grado),True,0.0
2024-01-26,665938,6.5,,False,,False,6.5
2024-01-26,665948,4.0,,False,,False,4.0
2024-01-26,665950,5.0,,False,,False,5.0
2024-01-26,665952,4.0,,False,,False,4.0
2024-01-26,665953,3.5,,False,,False,3.5
2024-01-26,665954,6.0,,False,,False,6.0
2024-01-26,665958,6.0,,False,,False,6.0
2024-01-26,665959,7.5,,False,,False,7.5
2024-01-26,665971,5.0,,False,,False,5.0
2024-01-26,665983,3.5,,False,,False,3.5
2024-01-26,665986,6.0,,False,,False,6.0
2024-01-26,665987,8.0,,False,,False,8.0
2024-01-26,665989,6.0,,False,,False,6.0
2024-01-26,876837,3.5,,False,,False,3.5
2024-01-26,989388,6.5,,False,,False,6.5
2024-01-26,999012,4.5,,False,,False,4.5
2024-01-26,1305177,3.5,,False,,False,3.5
2024-01-26,1305178,5.0,,False,,False,5.0
2024-01-26,1403169,6.0,,False,,False,6.0
2024-01-26,1661019,6.0,,False,,False,6.0
2024-01-26,1662112,7.5,1.0,True,,False,7.5
2024-01-26,1770558,5.5,,False,,False,5.5
2024-01-26,1783676,5.0,,False,,False,5.0
2024-01-27,665917,5.5,1.0,True,,False,5.5
2024-01-27,665922,5.0,,False,,False,5.0
2024-01-27,665935,7.5,,False,,False,7.5
2024-01-27,665936,6.0,,False,,False,6.0
2024-01-27,665938,6.0,,False,,False,6.0
2024-01-27,665941,8.0,,False,,False,8.0
2024-01-27,665948,4.0,,False,,False,4.0
2024-01-27,665950,4.0,,False,,False,4.0
2024-01-27,665953,4.0,,False,Fin de Semana Libre,True,0.0
2024-01-27,665954,5.5,,False,,False,5.5
2024-01-27,665958,7.5,,False,,False,7.5
2024-01-27,665959,7.5,,False,,False,7.5
2024-01-27,665971,6.0,,False,,False,6.0
2024-01-27,665983,4.0,,False,Fin de Semana Libre,True,0.0
2024-01-27,665986,4.0,,False,,False,4.0
2024-01-27,665987,4.0,,False,,False,4.0
2024-01-27,665989,4.5,,False,,False,4.5
2024-01-27,876837,4.0,,False,Fin de Semana Libre,True,0.0
2024-01-27,989388,7.5,,False,,False,7.5
2024-01-27,999012,5.5,,False,,False,5.5
2024-01-27,1305177,4.0,,False,Fin de Semana Libre,True,0.0
2024-01-27,1305178,6.0,,False,,False,6.0
2024-01-27,1403169,4.0,,False,,False,4.0
2024-01-27,1661019,8.0,,False,,False,8.0
2024-01-27,1662112,8.0,1.0,True,,False,8.0
2024-01-27,1770558,6.0,,False,,False,6.0
2024-01-27,1783676,8.0,,False,,False,8.0
2024-01-29,665922,4.0,,False,,False,4.0
2024-01-29,665935,7.5,,False,,False,7.5
2024-01-29,665938,5.0,,False,,False,5.0
2024-01-29,665941,4.0,,False,,False,4.0
2024-01-29,665948,4.0,,False,,False,4.0
2024-01-29,665954,5.0,,False,,False,5.0
2024-01-29,665959,7.5,,False,,False,7.5
2024-01-29,665971,5.5,,False,,False,5.5
2024-01-29,665983,6.0,,False,,False,6.0
2024-01-29,665987,5.0,,False,,False,5.0
2024-01-29,665989,6.0,,False,,False,6.0
2024-01-29,876837,4.0,,False,,False,4.0
2024-01-29,999012,4.5,,False,,False,4.5
2024-01-29,1305177,5.0,,False,,False,5.0
2024-01-29,1305178,4.0,,False,,False,4.0
2024-01-29,1403169,6.0,,False,,False,6.0
2024-01-29,1770558,4.0,,False,,False,4.0
2024-01-30,665917,7.5,1.0,True,,False,7.5
2024-01-30,665922,6.5,,False,,False,6.5
2024-01-30,665935,8.0,,False,,False,8.0
2024-01-30,665936,8.0,,False,,False,8.0
2024-01-30,665941,4.5,,False,,False,4.5
2024-01-30,665950,4.0,,False,,False,4.0
2024-01-30,665958,5.0,,False,,False,5.0
2024-01-30,665959,7.5,,False,,False,7.5
2024-01-30,665983,4.0,,False,,False,4.0
2024-01-30,665986,4.0,,False,,False,4.0
2024-01-30,665987,7.5,,False,,False,7.5
2024-01-30,665989,4.0,,False,,False,4.0
2024-01-30,876837,6.0,,False,,False,6.0
2024-01-30,1305178,4.0,,False,,False,4.0
2024-01-30,1403169,4.0,,False,,False,4.0
2024-01-31,665917,6.5,1.0,True,,False,6.5
2024-01-31,665922,6.5,,False,,False,6.5
2024-01-31,665936,6.5,,False,,False,6.5
2024-01-31,665948,4.0,,False,,False,4.0
2024-01-31,665950,4.5,,False,,False,4.5
2024-01-31,665953,6.0,,False,,False,6.0
2024-01-31,665954,6.5,,False,,False,6.5
2024-01-31,665958,4.0,,False,,False,4.0
2024-01-31,665959,7.5,,False,,False,7.5
2024-01-31,665971,5.0,,False,,False,5.0
2024-01-31,665986,4.0,,False,,False,4.0
2024-01-31,665987,6.0,,False,,False,6.0
2024-01-31,876837,4.0,,False,,False,4.0
2024-01-31,999012,4.0,,False,,False,4.0
2024-01-31,1305178,4.0,,False,,False,4.0
2024-01-31,1770558,4.0,,False,,False,4.0
